strikePrice,expiryDate,identifier_CE,identifier_PE,CE_OI,PE_OI,CE_TotVol,PE_TotVol,CE_LTP,PE_LTP
12000,25-Jun-2026,,OPTIDXNIFTY25-06-2026PE12000.00,0.0,4.333333333333333,0,0,0.0,0.0
12000,31-Dec-2026,,OPTIDXNIFTY31-12-2026PE12000.00,0.0,13.666666666666666,0,0,0.0,0.0
13000,24-Dec-2025,,OPTIDXNIFTY24-12-2025PE13000.00,0.0,92.66666666666667,0,0,0.0,0.0
13000,25-Jun-2026,,OPTIDXNIFTY25-06-2026PE13000.00,0.0,2.6666666666666665,0,0,0.0,0.0
13000,31-Dec-2026,,OPTIDXNIFTY31-12-2026PE13000.00,0.0,27.0,0,0,0.0,0.0
14000,25-Jun-2026,,OPTIDXNIFTY25-06-2026PE14000.00,0.0,16.333333333333332,0,0,0.0,0.0
14000,31-Dec-2026,,OPTIDXNIFTY31-12-2026PE14000.00,0.0,28.666666666666668,0,0,0.0,0.0
15000,24-Dec-2025,,OPTIDXNIFTY24-12-2025PE15000.00,0.0,78.66666666666667,0,0,0.0,0.0
15000,25-Jun-2026,,OPTIDXNIFTY25-06-2026PE15000.00,0.0,13.333333333333334,0,0,0.0,0.0
15000,31-Dec-2026,,OPTIDXNIFTY31-12-2026PE15000.00,0.0,18.666666666666668,0,0,0.0,0.0
15000,30-Dec-2027,,OPTIDXNIFTY30-12-2027PE15000.00,0.0,6.333333333333333,0,0,0.0,0.0
16000,24-Dec-2025,,OPTIDXNIFTY24-12-2025PE16000.00,0.0,76.33333333333333,0,3,0.0,12.8
16000,25-Jun-2026,,OPTIDXNIFTY25-06-2026PE16000.00,0.0,30.333333333333332,0,0,0.0,0.0
16000,31-Dec-2026,,OPTIDXNIFTY31-12-2026PE16000.00,0.0,32.333333333333336,0,0,0.0,0.0
16500,24-Dec-2025,,OPTIDXNIFTY24-12-2025PE16500.00,0.0,41.0,0,0,0.0,0.0
17000,25-Sep-2025,OPTIDXNIFTY25-09-2025CE17000.00,OPTIDXNIFTY25-09-2025PE17000.00,2262.0,582.0,0,30,0.0,4.6
17000,24-Dec-2025,OPTIDXNIFTY24-12-2025CE17000.00,OPTIDXNIFTY24-12-2025PE17000.00,9.333333333333334,557.6666666666666,0,6,0.0,16.0
17000,31-Dec-2026,,OPTIDXNIFTY31-12-2026PE17000.00,0.0,38.0,0,0,0.0,0.0
17000,30-Dec-2027,,OPTIDXNIFTY30-12-2027PE17000.00,0.0,189.33333333333334,0,0,0.0,0.0
18000,25-Sep-2025,OPTIDXNIFTY25-09-2025CE18000.00,OPTIDXNIFTY25-09-2025PE18000.00,255.0,325.0,2,4,7260.0,6.45
18000,24-Dec-2025,OPTIDXNIFTY24-12-2025CE18000.00,OPTIDXNIFTY24-12-2025PE18000.00,275.0,1428.0,6,48,7491.7,19.35
18000,31-Dec-2026,,OPTIDXNIFTY31-12-2026PE18000.00,0.0,79.33333333333333,0,0,0.0,0.0
18000,24-Jun-2027,,OPTIDXNIFTY24-06-2027PE18000.00,0.0,0.3333333333333333,0,0,0.0,0.0
18000,30-Dec-2027,,OPTIDXNIFTY30-12-2027PE18000.00,0.0,162.66666666666666,0,0,0.0,0.0
18000,28-Dec-2028,,OPTIDXNIFTY28-12-2028PE18000.00,0.0,1.0,0,0,0.0,0.0
19000,25-Sep-2025,OPTIDXNIFTY25-09-2025CE19000.00,OPTIDXNIFTY25-09-2025PE19000.00,50.0,2144.0,0,37,0.0,8.0
19000,24-Dec-2025,OPTIDXNIFTY24-12-2025CE19000.00,OPTIDXNIFTY24-12-2025PE19000.00,98.66666666666667,2076.6666666666665,0,34,0.0,23.95
19000,25-Jun-2026,,OPTIDXNIFTY25-06-2026PE19000.00,0.0,3.3333333333333335,0,0,0.0,0.0
19000,31-Dec-2026,,OPTIDXNIFTY31-12-2026PE19000.00,0.0,23.0,0,3,0.0,140.0
19000,24-Jun-2027,,OPTIDXNIFTY24-06-2027PE19000.00,0.0,8.0,0,0,0.0,0.0
19000,30-Dec-2027,,OPTIDXNIFTY30-12-2027PE19000.00,0.0,7.0,0,0,0.0,0.0
19500,24-Dec-2025,OPTIDXNIFTY24-12-2025CE19500.00,,15.333333333333334,0.0,0,0,0.0,0.0
20000,25-Sep-2025,OPTIDXNIFTY25-09-2025CE20000.00,OPTIDXNIFTY25-09-2025PE20000.00,1417.0,6653.0,30,50,5290.0,9.9
20000,24-Dec-2025,OPTIDXNIFTY24-12-2025CE20000.00,OPTIDXNIFTY24-12-2025PE20000.00,2588.6666666666665,9916.0,6,291,5569.0,29.4
20000,26-Mar-2026,,OPTIDXNIFTY26-03-2026PE20000.00,0.0,0.0,0,0,0.0,0.0
20000,25-Jun-2026,,OPTIDXNIFTY25-06-2026PE20000.00,0.0,0.0,0,0,0.0,0.0
20000,31-Dec-2026,,OPTIDXNIFTY31-12-2026PE20000.00,0.0,164.33333333333334,0,0,0.0,0.0
20000,24-Jun-2027,,OPTIDXNIFTY24-06-2027PE20000.00,0.0,0.0,0,0,0.0,0.0
20000,30-Dec-2027,,OPTIDXNIFTY30-12-2027PE20000.00,0.0,52.666666666666664,0,0,0.0,0.0
20000,29-Jun-2028,,OPTIDXNIFTY29-06-2028PE20000.00,0.0,0.0,0,0,0.0,0.0
20000,28-Dec-2028,,OPTIDXNIFTY28-12-2028PE20000.00,0.0,14.666666666666666,0,0,0.0,0.0
20000,28-Jun-2029,,OPTIDXNIFTY28-06-2029PE20000.00,0.0,0.0,0,0,0.0,0.0
20000,27-Dec-2029,,OPTIDXNIFTY27-12-2029PE20000.00,0.0,0.0,0,0,0.0,0.0
20000,25-Jun-2030,,OPTIDXNIFTY25-06-2030PE20000.00,0.0,0.0,0,0,0.0,0.0
21000,25-Sep-2025,OPTIDXNIFTY25-09-2025CE21000.00,OPTIDXNIFTY25-09-2025PE21000.00,5687.0,9813.0,13,435,4298.9,12.5
21000,24-Dec-2025,OPTIDXNIFTY24-12-2025CE21000.00,OPTIDXNIFTY24-12-2025PE21000.00,2387.3333333333335,11150.666666666666,147,1002,4624.2,39.1
21000,26-Mar-2026,,OPTIDXNIFTY26-03-2026PE21000.00,0.0,80.0,0,24,0.0,77.55
21000,25-Jun-2026,,OPTIDXNIFTY25-06-2026PE21000.00,0.0,4712.0,0,2,0.0,149.05
21000,31-Dec-2026,OPTIDXNIFTY31-12-2026CE21000.00,OPTIDXNIFTY31-12-2026PE21000.00,0.0,130.0,0,11,0.0,216.3
21000,24-Jun-2027,,OPTIDXNIFTY24-06-2027PE21000.00,0.0,4.666666666666667,0,0,0.0,0.0
21000,30-Dec-2027,,OPTIDXNIFTY30-12-2027PE21000.00,0.0,5.666666666666667,0,0,0.0,0.0
21000,29-Jun-2028,,OPTIDXNIFTY29-06-2028PE21000.00,0.0,0.0,0,0,0.0,0.0
21000,28-Dec-2028,,OPTIDXNIFTY28-12-2028PE21000.00,0.0,16.666666666666668,0,0,0.0,0.0
21000,28-Jun-2029,,OPTIDXNIFTY28-06-2029PE21000.00,0.0,0.0,0,0,0.0,0.0
21000,27-Dec-2029,,OPTIDXNIFTY27-12-2029PE21000.00,0.0,0.0,0,0,0.0,0.0
21000,25-Jun-2030,,OPTIDXNIFTY25-06-2030PE21000.00,0.0,0.0,0,0,0.0,0.0
22000,25-Sep-2025,OPTIDXNIFTY25-09-2025CE22000.00,OPTIDXNIFTY25-09-2025PE22000.00,2221.0,20090.0,26,1163,3322.0,17.9
22000,24-Dec-2025,OPTIDXNIFTY24-12-2025CE22000.00,OPTIDXNIFTY24-12-2025PE22000.00,5967.666666666667,17953.0,23,1258,3704.25,60.3
22000,26-Mar-2026,,OPTIDXNIFTY26-03-2026PE22000.00,0.0,0.0,0,0,0.0,0.0
22000,25-Jun-2026,,OPTIDXNIFTY25-06-2026PE22000.00,0.0,33.0,0,0,0.0,0.0
22000,31-Dec-2026,OPTIDXNIFTY31-12-2026CE22000.00,OPTIDXNIFTY31-12-2026PE22000.00,7.0,202.66666666666666,0,31,0.0,284.0
22000,24-Jun-2027,,OPTIDXNIFTY24-06-2027PE22000.00,0.0,0.0,0,0,0.0,0.0
22000,30-Dec-2027,OPTIDXNIFTY30-12-2027CE22000.00,OPTIDXNIFTY30-12-2027PE22000.00,0.0,3.3333333333333335,0,0,0.0,0.0
22000,29-Jun-2028,,OPTIDXNIFTY29-06-2028PE22000.00,0.0,1.3333333333333333,0,0,0.0,0.0
22000,28-Dec-2028,,OPTIDXNIFTY28-12-2028PE22000.00,0.0,2.0,0,0,0.0,0.0
22000,28-Jun-2029,,OPTIDXNIFTY28-06-2029PE22000.00,0.0,0.0,0,0,0.0,0.0
22000,27-Dec-2029,,OPTIDXNIFTY27-12-2029PE22000.00,0.0,0.0,0,0,0.0,0.0
22000,25-Jun-2030,,OPTIDXNIFTY25-06-2030PE22000.00,0.0,0.0,0,0,0.0,0.0
22250,31-Jul-2025,OPTIDXNIFTY31-07-2025CE22250.00,OPTIDXNIFTY31-07-2025PE22250.00,277.0,8176.0,0,2588,0.0,1.25
22300,31-Jul-2025,OPTIDXNIFTY31-07-2025CE22300.00,OPTIDXNIFTY31-07-2025PE22300.00,386.0,9559.0,0,2324,0.0,1.25
22350,31-Jul-2025,OPTIDXNIFTY31-07-2025CE22350.00,OPTIDXNIFTY31-07-2025PE22350.00,58.0,111.0,0,82,0.0,1.35
22400,31-Jul-2025,OPTIDXNIFTY31-07-2025CE22400.00,OPTIDXNIFTY31-07-2025PE22400.00,150.0,1369.0,0,860,0.0,1.3
22450,31-Jul-2025,OPTIDXNIFTY31-07-2025CE22450.00,OPTIDXNIFTY31-07-2025PE22450.00,9.0,118.0,0,95,0.0,1.6
22500,31-Jul-2025,OPTIDXNIFTY31-07-2025CE22500.00,OPTIDXNIFTY31-07-2025PE22500.00,11068.0,26142.0,169,4135,2597.1,1.3
22550,31-Jul-2025,OPTIDXNIFTY31-07-2025CE22550.00,OPTIDXNIFTY31-07-2025PE22550.00,15.0,86.0,0,175,0.0,1.25
22600,31-Jul-2025,OPTIDXNIFTY31-07-2025CE22600.00,OPTIDXNIFTY31-07-2025PE22600.00,67.0,443.0,1,1673,2498.0,1.4
22650,31-Jul-2025,OPTIDXNIFTY31-07-2025CE22650.00,OPTIDXNIFTY31-07-2025PE22650.00,14.0,92.0,0,119,0.0,1.35
22700,31-Jul-2025,OPTIDXNIFTY31-07-2025CE22700.00,OPTIDXNIFTY31-07-2025PE22700.00,44.0,471.0,0,251,0.0,1.45
22750,31-Jul-2025,OPTIDXNIFTY31-07-2025CE22750.00,OPTIDXNIFTY31-07-2025PE22750.00,18.0,105.0,0,200,0.0,1.3
22800,31-Jul-2025,OPTIDXNIFTY31-07-2025CE22800.00,OPTIDXNIFTY31-07-2025PE22800.00,113.0,1188.0,1,3424,2291.0,1.35
22800,28-Aug-2025,OPTIDXNIFTY28-08-2025CE22800.00,OPTIDXNIFTY28-08-2025PE22800.00,8.0,2698.0,6,630,2393.0,11.45
22850,31-Jul-2025,OPTIDXNIFTY31-07-2025CE22850.00,OPTIDXNIFTY31-07-2025PE22850.00,15.0,88.0,0,40,0.0,1.45
22850,28-Aug-2025,OPTIDXNIFTY28-08-2025CE22850.00,OPTIDXNIFTY28-08-2025PE22850.00,1.0,46.0,0,0,0.0,0.0
22900,31-Jul-2025,OPTIDXNIFTY31-07-2025CE22900.00,OPTIDXNIFTY31-07-2025PE22900.00,52.0,1603.0,0,1639,0.0,1.5
22900,28-Aug-2025,OPTIDXNIFTY28-08-2025CE22900.00,OPTIDXNIFTY28-08-2025PE22900.00,1.0,412.0,0,46,0.0,13.5
22950,31-Jul-2025,OPTIDXNIFTY31-07-2025CE22950.00,OPTIDXNIFTY31-07-2025PE22950.00,20.0,114.0,0,241,0.0,1.5
22950,28-Aug-2025,OPTIDXNIFTY28-08-2025CE22950.00,OPTIDXNIFTY28-08-2025PE22950.00,1.0,35.0,0,0,0.0,0.0
23000,31-Jul-2025,OPTIDXNIFTY31-07-2025CE23000.00,OPTIDXNIFTY31-07-2025PE23000.00,8403.0,29599.0,471,14599,2096.0,1.6
23000,28-Aug-2025,OPTIDXNIFTY28-08-2025CE23000.00,OPTIDXNIFTY28-08-2025PE23000.00,1167.0,10167.0,503,4564,2200.0,14.35
23000,25-Sep-2025,OPTIDXNIFTY25-09-2025CE23000.00,OPTIDXNIFTY25-09-2025PE23000.00,3451.0,19002.0,147,4953,2359.85,36.4
23000,24-Dec-2025,OPTIDXNIFTY24-12-2025CE23000.00,OPTIDXNIFTY24-12-2025PE23000.00,6052.666666666667,22413.333333333332,114,3431,2778.95,110.25
23000,26-Mar-2026,,OPTIDXNIFTY26-03-2026PE23000.00,0.0,185.0,0,66,0.0,184.3
23000,25-Jun-2026,,OPTIDXNIFTY25-06-2026PE23000.00,0.0,162.33333333333334,0,0,0.0,0.0
23000,31-Dec-2026,OPTIDXNIFTY31-12-2026CE23000.00,OPTIDXNIFTY31-12-2026PE23000.00,64.0,286.6666666666667,0,49,0.0,424.0
23000,24-Jun-2027,,OPTIDXNIFTY24-06-2027PE23000.00,0.0,0.0,0,0,0.0,0.0
23000,30-Dec-2027,,OPTIDXNIFTY30-12-2027PE23000.00,0.0,27.0,0,0,0.0,0.0
23000,29-Jun-2028,,OPTIDXNIFTY29-06-2028PE23000.00,0.0,0.0,0,0,0.0,0.0
23000,28-Dec-2028,,OPTIDXNIFTY28-12-2028PE23000.00,0.0,39.0,0,0,0.0,0.0
23000,28-Jun-2029,,OPTIDXNIFTY28-06-2029PE23000.00,0.0,0.0,0,0,0.0,0.0
23000,27-Dec-2029,,OPTIDXNIFTY27-12-2029PE23000.00,0.0,25.0,0,0,0.0,0.0
23000,25-Jun-2030,,OPTIDXNIFTY25-06-2030PE23000.00,0.0,0.0,0,0,0.0,0.0
23050,24-Jul-2025,OPTIDXNIFTY24-07-2025CE23050.00,OPTIDXNIFTY24-07-2025PE23050.00,6.0,62861.0,1,142257,2084.55,0.35
23050,31-Jul-2025,OPTIDXNIFTY31-07-2025CE23050.00,OPTIDXNIFTY31-07-2025PE23050.00,19.0,239.0,0,357,0.0,1.55
23050,28-Aug-2025,OPTIDXNIFTY28-08-2025CE23050.00,OPTIDXNIFTY28-08-2025PE23050.00,1.0,61.0,0,1,0.0,20.85
23100,24-Jul-2025,OPTIDXNIFTY24-07-2025CE23100.00,OPTIDXNIFTY24-07-2025PE23100.00,123.0,40803.0,5,79078,1965.15,0.35
23100,31-Jul-2025,OPTIDXNIFTY31-07-2025CE23100.00,OPTIDXNIFTY31-07-2025PE23100.00,105.0,1358.0,0,1986,0.0,1.6
23100,28-Aug-2025,OPTIDXNIFTY28-08-2025CE23100.00,OPTIDXNIFTY28-08-2025PE23100.00,1.0,260.0,0,30,0.0,15.95
23150,24-Jul-2025,OPTIDXNIFTY24-07-2025CE23150.00,OPTIDXNIFTY24-07-2025PE23150.00,2.0,2428.0,0,12092,0.0,0.4
23150,31-Jul-2025,OPTIDXNIFTY31-07-2025CE23150.00,OPTIDXNIFTY31-07-2025PE23150.00,19.0,239.0,0,264,0.0,1.65
23150,28-Aug-2025,OPTIDXNIFTY28-08-2025CE23150.00,OPTIDXNIFTY28-08-2025PE23150.00,3.0,30.0,0,0,0.0,0.0
23200,24-Jul-2025,OPTIDXNIFTY24-07-2025CE23200.00,OPTIDXNIFTY24-07-2025PE23200.00,4.0,5227.0,0,12959,0.0,0.45
23200,31-Jul-2025,OPTIDXNIFTY31-07-2025CE23200.00,OPTIDXNIFTY31-07-2025PE23200.00,530.0,2243.0,3,3244,1900.0,1.7
23200,07-Aug-2025,OPTIDXNIFTY07-08-2025CE23200.00,OPTIDXNIFTY07-08-2025PE23200.00,0.0,156.0,0,109,0.0,4.0
23200,14-Aug-2025,,OPTIDXNIFTY14-08-2025PE23200.00,0.0,23.0,0,32,0.0,6.3
23200,21-Aug-2025,,OPTIDXNIFTY21-08-2025PE23200.00,0.0,0.0,0,1,0.0,14.0
23200,28-Aug-2025,OPTIDXNIFTY28-08-2025CE23200.00,OPTIDXNIFTY28-08-2025PE23200.00,50.0,1729.0,0,905,0.0,15.8
23200,25-Sep-2025,OPTIDXNIFTY25-09-2025CE23200.00,OPTIDXNIFTY25-09-2025PE23200.00,16.0,108.0,0,142,0.0,43.8
23250,24-Jul-2025,OPTIDXNIFTY24-07-2025CE23250.00,OPTIDXNIFTY24-07-2025PE23250.00,1.0,1758.0,0,6947,0.0,0.4
23250,31-Jul-2025,OPTIDXNIFTY31-07-2025CE23250.00,OPTIDXNIFTY31-07-2025PE23250.00,16.0,250.0,1,507,1828.0,1.75
23250,07-Aug-2025,OPTIDXNIFTY07-08-2025CE23250.00,OPTIDXNIFTY07-08-2025PE23250.00,0.0,6.0,0,30,0.0,4.05
23250,14-Aug-2025,,OPTIDXNIFTY14-08-2025PE23250.00,0.0,0.0,0,0,0.0,0.0
23250,21-Aug-2025,,OPTIDXNIFTY21-08-2025PE23250.00,0.0,0.0,0,3,0.0,22.2
23250,28-Aug-2025,OPTIDXNIFTY28-08-2025CE23250.00,OPTIDXNIFTY28-08-2025PE23250.00,1.0,32.0,0,0,0.0,0.0
23250,25-Sep-2025,OPTIDXNIFTY25-09-2025CE23250.00,OPTIDXNIFTY25-09-2025PE23250.00,0.0,42.0,0,56,0.0,46.4
23300,24-Jul-2025,OPTIDXNIFTY24-07-2025CE23300.00,OPTIDXNIFTY24-07-2025PE23300.00,6.0,4918.0,0,20262,0.0,0.5
23300,31-Jul-2025,OPTIDXNIFTY31-07-2025CE23300.00,OPTIDXNIFTY31-07-2025PE23300.00,61.0,3293.0,1,7337,1810.0,1.8
23300,07-Aug-2025,OPTIDXNIFTY07-08-2025CE23300.00,OPTIDXNIFTY07-08-2025PE23300.00,0.0,0.0,0,0,0.0,0.0
23300,14-Aug-2025,,OPTIDXNIFTY14-08-2025PE23300.00,0.0,0.0,0,0,0.0,0.0
23300,21-Aug-2025,,OPTIDXNIFTY21-08-2025PE23300.00,0.0,0.0,0,0,0.0,0.0
23300,28-Aug-2025,OPTIDXNIFTY28-08-2025CE23300.00,OPTIDXNIFTY28-08-2025PE23300.00,2.0,1966.0,0,212,0.0,18.3
23300,25-Sep-2025,OPTIDXNIFTY25-09-2025CE23300.00,OPTIDXNIFTY25-09-2025PE23300.00,0.0,277.0,0,152,0.0,48.7
23350,24-Jul-2025,OPTIDXNIFTY24-07-2025CE23350.00,OPTIDXNIFTY24-07-2025PE23350.00,0.0,2102.0,0,7229,0.0,0.55
23350,31-Jul-2025,OPTIDXNIFTY31-07-2025CE23350.00,OPTIDXNIFTY31-07-2025PE23350.00,15.0,657.0,0,901,0.0,1.9
23350,07-Aug-2025,OPTIDXNIFTY07-08-2025CE23350.00,OPTIDXNIFTY07-08-2025PE23350.00,0.0,125.0,0,62,0.0,4.4
23350,14-Aug-2025,,OPTIDXNIFTY14-08-2025PE23350.00,0.0,128.0,0,197,0.0,8.4
23350,21-Aug-2025,,OPTIDXNIFTY21-08-2025PE23350.00,0.0,1.0,0,0,0.0,0.0
23350,28-Aug-2025,OPTIDXNIFTY28-08-2025CE23350.00,OPTIDXNIFTY28-08-2025PE23350.00,1.0,25.0,0,0,0.0,0.0
23350,25-Sep-2025,OPTIDXNIFTY25-09-2025CE23350.00,OPTIDXNIFTY25-09-2025PE23350.00,0.0,387.0,0,79,0.0,53.35
23400,24-Jul-2025,OPTIDXNIFTY24-07-2025CE23400.00,OPTIDXNIFTY24-07-2025PE23400.00,9.0,6447.0,0,26821,0.0,0.5
23400,31-Jul-2025,OPTIDXNIFTY31-07-2025CE23400.00,OPTIDXNIFTY31-07-2025PE23400.00,162.0,4655.0,5,6895,1700.0,1.9
23400,07-Aug-2025,OPTIDXNIFTY07-08-2025CE23400.00,OPTIDXNIFTY07-08-2025PE23400.00,0.0,204.0,0,52,0.0,4.4
23400,14-Aug-2025,,OPTIDXNIFTY14-08-2025PE23400.00,0.0,90.0,0,80,0.0,9.25
23400,21-Aug-2025,,OPTIDXNIFTY21-08-2025PE23400.00,0.0,6.0,0,7,0.0,15.0
23400,28-Aug-2025,OPTIDXNIFTY28-08-2025CE23400.00,OPTIDXNIFTY28-08-2025PE23400.00,4.0,1022.0,0,603,0.0,20.4
23400,25-Sep-2025,OPTIDXNIFTY25-09-2025CE23400.00,OPTIDXNIFTY25-09-2025PE23400.00,0.0,540.0,0,53,0.0,55.0
23450,24-Jul-2025,OPTIDXNIFTY24-07-2025CE23450.00,OPTIDXNIFTY24-07-2025PE23450.00,17.0,3326.0,0,12617,0.0,0.5
23450,31-Jul-2025,OPTIDXNIFTY31-07-2025CE23450.00,OPTIDXNIFTY31-07-2025PE23450.00,14.0,525.0,0,480,0.0,2.15
23450,07-Aug-2025,OPTIDXNIFTY07-08-2025CE23450.00,OPTIDXNIFTY07-08-2025PE23450.00,0.0,21.0,0,34,0.0,4.35
23450,14-Aug-2025,,OPTIDXNIFTY14-08-2025PE23450.00,0.0,0.0,0,0,0.0,0.0
23450,21-Aug-2025,,OPTIDXNIFTY21-08-2025PE23450.00,0.0,1.0,0,0,0.0,0.0
23450,28-Aug-2025,OPTIDXNIFTY28-08-2025CE23450.00,OPTIDXNIFTY28-08-2025PE23450.00,6.0,22.0,0,0,0.0,0.0
23450,25-Sep-2025,OPTIDXNIFTY25-09-2025CE23450.00,OPTIDXNIFTY25-09-2025PE23450.00,0.0,97.0,0,34,0.0,57.75
23500,24-Jul-2025,OPTIDXNIFTY24-07-2025CE23500.00,OPTIDXNIFTY24-07-2025PE23500.00,537.0,38833.0,63,149583,1590.5,0.6
23500,31-Jul-2025,OPTIDXNIFTY31-07-2025CE23500.00,OPTIDXNIFTY31-07-2025PE23500.00,3731.0,31337.0,226,27561,1598.95,2.2
23500,07-Aug-2025,OPTIDXNIFTY07-08-2025CE23500.00,OPTIDXNIFTY07-08-2025PE23500.00,3.0,1399.0,2,1901,1622.0,5.4
23500,14-Aug-2025,,OPTIDXNIFTY14-08-2025PE23500.00,0.0,399.0,0,510,0.0,10.15
23500,21-Aug-2025,,OPTIDXNIFTY21-08-2025PE23500.00,0.0,0.0,0,0,0.0,0.0
23500,28-Aug-2025,OPTIDXNIFTY28-08-2025CE23500.00,OPTIDXNIFTY28-08-2025PE23500.00,348.0,8581.0,53,5427,1710.55,23.25
23500,25-Sep-2025,OPTIDXNIFTY25-09-2025CE23500.00,OPTIDXNIFTY25-09-2025PE23500.00,0.0,2497.0,1,2717,1900.0,60.5
23550,24-Jul-2025,OPTIDXNIFTY24-07-2025CE23550.00,OPTIDXNIFTY24-07-2025PE23550.00,10.0,3150.0,0,14952,0.0,0.6
23550,31-Jul-2025,OPTIDXNIFTY31-07-2025CE23550.00,OPTIDXNIFTY31-07-2025PE23550.00,20.0,904.0,0,1731,0.0,2.4
23550,07-Aug-2025,OPTIDXNIFTY07-08-2025CE23550.00,OPTIDXNIFTY07-08-2025PE23550.00,0.0,0.0,0,0,0.0,0.0
23550,14-Aug-2025,,OPTIDXNIFTY14-08-2025PE23550.00,0.0,0.0,0,0,0.0,0.0
23550,21-Aug-2025,,OPTIDXNIFTY21-08-2025PE23550.00,0.0,0.0,0,0,0.0,0.0
23550,28-Aug-2025,OPTIDXNIFTY28-08-2025CE23550.00,OPTIDXNIFTY28-08-2025PE23550.00,5.0,103.0,0,8,0.0,24.6
23550,25-Sep-2025,OPTIDXNIFTY25-09-2025CE23550.00,OPTIDXNIFTY25-09-2025PE23550.00,0.0,57.0,0,18,0.0,63.55
23600,24-Jul-2025,OPTIDXNIFTY24-07-2025CE23600.00,OPTIDXNIFTY24-07-2025PE23600.00,10.0,8156.0,1,35732,1510.0,0.55
23600,31-Jul-2025,OPTIDXNIFTY31-07-2025CE23600.00,OPTIDXNIFTY31-07-2025PE23600.00,205.0,4782.0,2,7510,1514.0,2.45
23600,07-Aug-2025,OPTIDXNIFTY07-08-2025CE23600.00,OPTIDXNIFTY07-08-2025PE23600.00,0.0,94.0,0,60,0.0,7.05
23600,14-Aug-2025,,OPTIDXNIFTY14-08-2025PE23600.00,0.0,24.0,0,8,0.0,12.5
23600,21-Aug-2025,,OPTIDXNIFTY21-08-2025PE23600.00,0.0,24.0,0,25,0.0,19.85
23600,28-Aug-2025,OPTIDXNIFTY28-08-2025CE23600.00,OPTIDXNIFTY28-08-2025PE23600.00,11.0,2593.0,0,698,0.0,25.8
23600,25-Sep-2025,OPTIDXNIFTY25-09-2025CE23600.00,OPTIDXNIFTY25-09-2025PE23600.00,0.0,254.0,0,236,0.0,65.25
23650,24-Jul-2025,OPTIDXNIFTY24-07-2025CE23650.00,OPTIDXNIFTY24-07-2025PE23650.00,1.0,4849.0,0,14720,0.0,0.55
23650,31-Jul-2025,OPTIDXNIFTY31-07-2025CE23650.00,OPTIDXNIFTY31-07-2025PE23650.00,33.0,755.0,0,696,0.0,2.95
23650,07-Aug-2025,OPTIDXNIFTY07-08-2025CE23650.00,OPTIDXNIFTY07-08-2025PE23650.00,0.0,290.0,0,26,0.0,7.3
23650,14-Aug-2025,,OPTIDXNIFTY14-08-2025PE23650.00,0.0,0.0,0,0,0.0,0.0
23650,21-Aug-2025,,OPTIDXNIFTY21-08-2025PE23650.00,0.0,0.0,0,0,0.0,0.0
23650,28-Aug-2025,OPTIDXNIFTY28-08-2025CE23650.00,OPTIDXNIFTY28-08-2025PE23650.00,6.0,172.0,2,57,1557.75,27.75
23650,25-Sep-2025,OPTIDXNIFTY25-09-2025CE23650.00,OPTIDXNIFTY25-09-2025PE23650.00,0.0,372.0,0,47,0.0,69.0
23700,24-Jul-2025,OPTIDXNIFTY24-07-2025CE23700.00,OPTIDXNIFTY24-07-2025PE23700.00,50.0,14473.0,0,54436,0.0,0.65
23700,31-Jul-2025,OPTIDXNIFTY31-07-2025CE23700.00,OPTIDXNIFTY31-07-2025PE23700.00,132.0,4562.0,9,6914,1400.15,2.95
23700,07-Aug-2025,OPTIDXNIFTY07-08-2025CE23700.00,OPTIDXNIFTY07-08-2025PE23700.00,0.0,427.0,0,175,0.0,7.75
23700,14-Aug-2025,,OPTIDXNIFTY14-08-2025PE23700.00,0.0,43.0,0,10,0.0,15.7
23700,21-Aug-2025,,OPTIDXNIFTY21-08-2025PE23700.00,0.0,0.0,0,0,0.0,0.0
23700,28-Aug-2025,OPTIDXNIFTY28-08-2025CE23700.00,OPTIDXNIFTY28-08-2025PE23700.00,15.0,2184.0,3,649,1515.55,30.0
23700,25-Sep-2025,OPTIDXNIFTY25-09-2025CE23700.00,OPTIDXNIFTY25-09-2025PE23700.00,1.0,910.0,0,444,0.0,71.3
23750,24-Jul-2025,OPTIDXNIFTY24-07-2025CE23750.00,OPTIDXNIFTY24-07-2025PE23750.00,1.0,5292.0,4,44972,1390.0,0.7
23750,31-Jul-2025,OPTIDXNIFTY31-07-2025CE23750.00,OPTIDXNIFTY31-07-2025PE23750.00,41.0,956.0,5,2546,1356.9,3.25
23750,07-Aug-2025,OPTIDXNIFTY07-08-2025CE23750.00,OPTIDXNIFTY07-08-2025PE23750.00,1.0,0.0,2,0,1389.9,0.0
23750,14-Aug-2025,,OPTIDXNIFTY14-08-2025PE23750.00,0.0,0.0,0,0,0.0,0.0
23750,21-Aug-2025,,OPTIDXNIFTY21-08-2025PE23750.00,0.0,0.0,0,0,0.0,0.0
23750,28-Aug-2025,OPTIDXNIFTY28-08-2025CE23750.00,OPTIDXNIFTY28-08-2025PE23750.00,16.0,17.0,2,0,1536.8,0.0
23750,25-Sep-2025,OPTIDXNIFTY25-09-2025CE23750.00,OPTIDXNIFTY25-09-2025PE23750.00,1.0,399.0,0,25,0.0,76.55
23800,24-Jul-2025,OPTIDXNIFTY24-07-2025CE23800.00,OPTIDXNIFTY24-07-2025PE23800.00,37.0,22731.0,1,142574,1330.0,0.65
23800,31-Jul-2025,OPTIDXNIFTY31-07-2025CE23800.00,OPTIDXNIFTY31-07-2025PE23800.00,333.0,11081.0,10,12260,1303.35,3.5
23800,07-Aug-2025,OPTIDXNIFTY07-08-2025CE23800.00,OPTIDXNIFTY07-08-2025PE23800.00,1.0,733.0,2,528,1337.3,9.45
23800,14-Aug-2025,,OPTIDXNIFTY14-08-2025PE23800.00,0.0,0.0,0,0,0.0,0.0
23800,21-Aug-2025,,OPTIDXNIFTY21-08-2025PE23800.00,0.0,0.0,0,0,0.0,0.0
23800,28-Aug-2025,OPTIDXNIFTY28-08-2025CE23800.00,OPTIDXNIFTY28-08-2025PE23800.00,35.0,3758.0,3,1744,1450.4,34.5
23800,25-Sep-2025,OPTIDXNIFTY25-09-2025CE23800.00,OPTIDXNIFTY25-09-2025PE23800.00,2.0,2498.0,0,619,0.0,80.2
23850,24-Jul-2025,OPTIDXNIFTY24-07-2025CE23850.00,OPTIDXNIFTY24-07-2025PE23850.00,1.0,3556.0,0,31108,0.0,0.75
23850,31-Jul-2025,OPTIDXNIFTY31-07-2025CE23850.00,OPTIDXNIFTY31-07-2025PE23850.00,20.0,2949.0,0,4265,0.0,3.75
23850,07-Aug-2025,OPTIDXNIFTY07-08-2025CE23850.00,OPTIDXNIFTY07-08-2025PE23850.00,1.0,183.0,2,90,1281.25,10.2
23850,14-Aug-2025,,OPTIDXNIFTY14-08-2025PE23850.00,0.0,0.0,0,0,0.0,0.0
23850,21-Aug-2025,,OPTIDXNIFTY21-08-2025PE23850.00,0.0,0.0,0,0,0.0,0.0
23850,28-Aug-2025,OPTIDXNIFTY28-08-2025CE23850.00,OPTIDXNIFTY28-08-2025PE23850.00,12.0,13.0,0,0,0.0,0.0
23850,25-Sep-2025,OPTIDXNIFTY25-09-2025CE23850.00,OPTIDXNIFTY25-09-2025PE23850.00,1.0,214.0,0,21,0.0,86.1
23900,24-Jul-2025,OPTIDXNIFTY24-07-2025CE23900.00,OPTIDXNIFTY24-07-2025PE23900.00,29.0,17622.0,0,92333,0.0,0.8
23900,31-Jul-2025,OPTIDXNIFTY31-07-2025CE23900.00,OPTIDXNIFTY31-07-2025PE23900.00,595.0,5998.0,12,10451,1201.2,4.2
23900,07-Aug-2025,OPTIDXNIFTY07-08-2025CE23900.00,OPTIDXNIFTY07-08-2025PE23900.00,0.0,489.0,0,396,0.0,11.2
23900,14-Aug-2025,,OPTIDXNIFTY14-08-2025PE23900.00,0.0,52.0,0,0,0.0,0.0
23900,21-Aug-2025,,OPTIDXNIFTY21-08-2025PE23900.00,0.0,0.0,0,0,0.0,0.0
23900,28-Aug-2025,OPTIDXNIFTY28-08-2025CE23900.00,OPTIDXNIFTY28-08-2025PE23900.00,16.0,3582.0,0,3416,0.0,40.35
23900,25-Sep-2025,OPTIDXNIFTY25-09-2025CE23900.00,OPTIDXNIFTY25-09-2025PE23900.00,1.0,1992.0,0,250,0.0,91.2
23950,24-Jul-2025,OPTIDXNIFTY24-07-2025CE23950.00,OPTIDXNIFTY24-07-2025PE23950.00,11.0,6687.0,0,34022,0.0,0.8
23950,31-Jul-2025,OPTIDXNIFTY31-07-2025CE23950.00,OPTIDXNIFTY31-07-2025PE23950.00,147.0,1263.0,0,2908,0.0,4.7
23950,07-Aug-2025,OPTIDXNIFTY07-08-2025CE23950.00,OPTIDXNIFTY07-08-2025PE23950.00,0.0,0.0,0,0,0.0,0.0
23950,14-Aug-2025,,OPTIDXNIFTY14-08-2025PE23950.00,0.0,0.0,0,0,0.0,0.0
23950,21-Aug-2025,,OPTIDXNIFTY21-08-2025PE23950.00,0.0,0.0,0,0,0.0,0.0
23950,28-Aug-2025,OPTIDXNIFTY28-08-2025CE23950.00,OPTIDXNIFTY28-08-2025PE23950.00,9.0,134.0,0,133,0.0,43.1
23950,25-Sep-2025,OPTIDXNIFTY25-09-2025CE23950.00,OPTIDXNIFTY25-09-2025PE23950.00,2.0,340.0,0,19,0.0,97.35
24000,24-Jul-2025,OPTIDXNIFTY24-07-2025CE24000.00,OPTIDXNIFTY24-07-2025PE24000.00,861.0,105499.0,910,375736,1085.45,1.05
24000,31-Jul-2025,OPTIDXNIFTY31-07-2025CE24000.00,OPTIDXNIFTY31-07-2025PE24000.00,12340.0,48190.0,3747,58053,1103.75,5.35
24000,07-Aug-2025,OPTIDXNIFTY07-08-2025CE24000.00,OPTIDXNIFTY07-08-2025PE24000.00,88.0,2337.0,23,2875,1158.2,13.75
24000,14-Aug-2025,,OPTIDXNIFTY14-08-2025PE24000.00,0.0,430.0,0,854,0.0,25.1
24000,21-Aug-2025,,OPTIDXNIFTY21-08-2025PE24000.00,0.0,0.0,0,0,0.0,0.0
24000,28-Aug-2025,OPTIDXNIFTY28-08-2025CE24000.00,OPTIDXNIFTY28-08-2025PE24000.00,1380.0,20835.0,289,11233,1250.8,47.85
24000,25-Sep-2025,OPTIDXNIFTY25-09-2025CE24000.00,OPTIDXNIFTY25-09-2025PE24000.00,4804.0,25433.0,348,4603,1440.05,104.5
24000,24-Dec-2025,OPTIDXNIFTY24-12-2025CE24000.00,OPTIDXNIFTY24-12-2025PE24000.00,12270.0,41542.0,290,4548,1935.0,220.65
24000,26-Mar-2026,OPTIDXNIFTY26-03-2026CE24000.00,OPTIDXNIFTY26-03-2026PE24000.00,1.0,341.0,0,109,0.0,311.7
24000,25-Jun-2026,OPTIDXNIFTY25-06-2026CE24000.00,OPTIDXNIFTY25-06-2026PE24000.00,49.0,601.0,0,2,0.0,414.25
24000,31-Dec-2026,OPTIDXNIFTY31-12-2026CE24000.00,OPTIDXNIFTY31-12-2026PE24000.00,45.0,330.0,0,1,0.0,605.0
24000,24-Jun-2027,OPTIDXNIFTY24-06-2027CE24000.00,OPTIDXNIFTY24-06-2027PE24000.00,8.0,0.0,0,0,0.0,0.0
24000,30-Dec-2027,OPTIDXNIFTY30-12-2027CE24000.00,OPTIDXNIFTY30-12-2027PE24000.00,0.0,13.0,0,0,0.0,0.0
24000,29-Jun-2028,,OPTIDXNIFTY29-06-2028PE24000.00,0.0,0.0,0,0,0.0,0.0
24000,28-Dec-2028,,OPTIDXNIFTY28-12-2028PE24000.00,0.0,21.0,0,0,0.0,0.0
24000,28-Jun-2029,,OPTIDXNIFTY28-06-2029PE24000.00,0.0,0.3333333333333333,0,0,0.0,0.0
24000,27-Dec-2029,,OPTIDXNIFTY27-12-2029PE24000.00,0.0,0.0,0,0,0.0,0.0
24000,25-Jun-2030,,OPTIDXNIFTY25-06-2030PE24000.00,0.0,0.0,0,0,0.0,0.0
24050,24-Jul-2025,OPTIDXNIFTY24-07-2025CE24050.00,OPTIDXNIFTY24-07-2025PE24050.00,6.0,8732.0,23,55199,1048.0,1.05
24050,31-Jul-2025,OPTIDXNIFTY31-07-2025CE24050.00,OPTIDXNIFTY31-07-2025PE24050.00,52.0,1061.0,6,4277,1070.2,5.8
24050,07-Aug-2025,OPTIDXNIFTY07-08-2025CE24050.00,OPTIDXNIFTY07-08-2025PE24050.00,0.0,1.0,0,0,0.0,0.0
24050,14-Aug-2025,,OPTIDXNIFTY14-08-2025PE24050.00,0.0,0.0,0,0,0.0,0.0
24050,21-Aug-2025,,OPTIDXNIFTY21-08-2025PE24050.00,0.0,0.0,0,0,0.0,0.0
24050,28-Aug-2025,OPTIDXNIFTY28-08-2025CE24050.00,OPTIDXNIFTY28-08-2025PE24050.00,6.0,181.0,0,60,0.0,49.8
24050,25-Sep-2025,OPTIDXNIFTY25-09-2025CE24050.00,OPTIDXNIFTY25-09-2025PE24050.00,2.0,293.0,0,22,0.0,108.1
24100,24-Jul-2025,OPTIDXNIFTY24-07-2025CE24100.00,OPTIDXNIFTY24-07-2025PE24100.00,74.0,30117.0,33,151710,984.6,1.05
24100,31-Jul-2025,OPTIDXNIFTY31-07-2025CE24100.00,OPTIDXNIFTY31-07-2025PE24100.00,329.0,9322.0,43,20590,1006.0,6.45
24100,07-Aug-2025,OPTIDXNIFTY07-08-2025CE24100.00,OPTIDXNIFTY07-08-2025PE24100.00,0.0,0.0,0,0,0.0,0.0
24100,14-Aug-2025,,OPTIDXNIFTY14-08-2025PE24100.00,0.0,0.0,0,0,0.0,0.0
24100,21-Aug-2025,,OPTIDXNIFTY21-08-2025PE24100.00,0.0,0.0,0,0,0.0,0.0
24100,28-Aug-2025,OPTIDXNIFTY28-08-2025CE24100.00,OPTIDXNIFTY28-08-2025PE24100.00,23.0,2648.0,6,2281,1153.35,54.0
24100,25-Sep-2025,OPTIDXNIFTY25-09-2025CE24100.00,OPTIDXNIFTY25-09-2025PE24100.00,2.0,5002.0,0,1704,0.0,113.65
24150,24-Jul-2025,OPTIDXNIFTY24-07-2025CE24150.00,OPTIDXNIFTY24-07-2025PE24150.00,12.0,26242.0,0,96210,0.0,1.25
24150,31-Jul-2025,OPTIDXNIFTY31-07-2025CE24150.00,OPTIDXNIFTY31-07-2025PE24150.00,14.0,1676.0,7,4344,943.6,7.25
24150,07-Aug-2025,OPTIDXNIFTY07-08-2025CE24150.00,OPTIDXNIFTY07-08-2025PE24150.00,1.0,1.0,2,0,998.8,0.0
24150,14-Aug-2025,,OPTIDXNIFTY14-08-2025PE24150.00,0.0,0.0,0,0,0.0,0.0
24150,21-Aug-2025,,OPTIDXNIFTY21-08-2025PE24150.00,0.0,0.0,0,0,0.0,0.0
24150,28-Aug-2025,OPTIDXNIFTY28-08-2025CE24150.00,OPTIDXNIFTY28-08-2025PE24150.00,5.0,249.0,1,98,1186.5,59.0
24150,25-Sep-2025,OPTIDXNIFTY25-09-2025CE24150.00,OPTIDXNIFTY25-09-2025PE24150.00,3.0,194.0,0,32,0.0,122.85
24200,24-Jul-2025,OPTIDXNIFTY24-07-2025CE24200.00,OPTIDXNIFTY24-07-2025PE24200.00,395.0,36117.0,280,186335,887.4,1.2
24200,31-Jul-2025,OPTIDXNIFTY31-07-2025CE24200.00,OPTIDXNIFTY31-07-2025PE24200.00,520.0,15242.0,91,29623,912.0,8.05
24200,07-Aug-2025,OPTIDXNIFTY07-08-2025CE24200.00,OPTIDXNIFTY07-08-2025PE24200.00,1.0,1644.0,0,1398,0.0,20.7
24200,14-Aug-2025,,OPTIDXNIFTY14-08-2025PE24200.00,0.0,0.0,0,0,0.0,0.0
24200,21-Aug-2025,,OPTIDXNIFTY21-08-2025PE24200.00,0.0,0.0,0,0,0.0,0.0
24200,28-Aug-2025,OPTIDXNIFTY28-08-2025CE24200.00,OPTIDXNIFTY28-08-2025PE24200.00,108.0,5941.0,75,4092,1071.1,63.15
24200,25-Sep-2025,OPTIDXNIFTY25-09-2025CE24200.00,OPTIDXNIFTY25-09-2025PE24200.00,2.0,4824.0,0,960,0.0,125.6
24250,24-Jul-2025,OPTIDXNIFTY24-07-2025CE24250.00,OPTIDXNIFTY24-07-2025PE24250.00,64.0,16263.0,67,106394,839.0,1.35
24250,31-Jul-2025,OPTIDXNIFTY31-07-2025CE24250.00,OPTIDXNIFTY31-07-2025PE24250.00,14.0,2870.0,8,8186,868.9,9.15
24250,07-Aug-2025,OPTIDXNIFTY07-08-2025CE24250.00,OPTIDXNIFTY07-08-2025PE24250.00,0.0,0.0,0,0,0.0,0.0
24250,14-Aug-2025,,OPTIDXNIFTY14-08-2025PE24250.00,0.0,0.0,0,0,0.0,0.0
24250,21-Aug-2025,,OPTIDXNIFTY21-08-2025PE24250.00,0.0,0.0,0,0,0.0,0.0
24250,28-Aug-2025,OPTIDXNIFTY28-08-2025CE24250.00,OPTIDXNIFTY28-08-2025PE24250.00,14.0,250.0,0,113,0.0,69.0
24250,25-Sep-2025,OPTIDXNIFTY25-09-2025CE24250.00,OPTIDXNIFTY25-09-2025PE24250.00,2.0,156.0,0,102,0.0,137.5
24300,24-Jul-2025,OPTIDXNIFTY24-07-2025CE24300.00,OPTIDXNIFTY24-07-2025PE24300.00,219.0,60448.0,557,360977,790.4,1.45
24300,31-Jul-2025,OPTIDXNIFTY31-07-2025CE24300.00,OPTIDXNIFTY31-07-2025PE24300.00,496.0,14678.0,152,30651,815.0,10.55
24300,07-Aug-2025,OPTIDXNIFTY07-08-2025CE24300.00,OPTIDXNIFTY07-08-2025PE24300.00,8.0,0.0,1,0,840.3,0.0
24300,14-Aug-2025,,OPTIDXNIFTY14-08-2025PE24300.00,0.0,0.0,0,0,0.0,0.0
24300,21-Aug-2025,,OPTIDXNIFTY21-08-2025PE24300.00,0.0,1.0,0,0,0.0,0.0
24300,28-Aug-2025,OPTIDXNIFTY28-08-2025CE24300.00,OPTIDXNIFTY28-08-2025PE24300.00,50.0,8977.0,12,5450,967.5,74.25
24300,25-Sep-2025,OPTIDXNIFTY25-09-2025CE24300.00,OPTIDXNIFTY25-09-2025PE24300.00,4.0,5175.0,0,462,0.0,143.25
24350,24-Jul-2025,OPTIDXNIFTY24-07-2025CE24350.00,OPTIDXNIFTY24-07-2025PE24350.00,17.0,17186.0,37,186612,717.05,1.55
24350,31-Jul-2025,OPTIDXNIFTY31-07-2025CE24350.00,OPTIDXNIFTY31-07-2025PE24350.00,26.0,2826.0,6,8020,756.6,11.8
24350,07-Aug-2025,OPTIDXNIFTY07-08-2025CE24350.00,OPTIDXNIFTY07-08-2025PE24350.00,0.0,493.0,0,809,0.0,29.0
24350,14-Aug-2025,,OPTIDXNIFTY14-08-2025PE24350.00,0.0,0.0,0,0,0.0,0.0
24350,21-Aug-2025,,OPTIDXNIFTY21-08-2025PE24350.00,0.0,0.0,0,0,0.0,0.0
24350,28-Aug-2025,OPTIDXNIFTY28-08-2025CE24350.00,OPTIDXNIFTY28-08-2025PE24350.00,12.0,403.0,0,248,0.0,81.0
24350,25-Sep-2025,OPTIDXNIFTY25-09-2025CE24350.00,OPTIDXNIFTY25-09-2025PE24350.00,2.0,76.0,0,9,0.0,148.95
24400,24-Jul-2025,OPTIDXNIFTY24-07-2025CE24400.00,OPTIDXNIFTY24-07-2025PE24400.00,307.0,46889.0,333,446338,689.0,1.75
24400,31-Jul-2025,OPTIDXNIFTY31-07-2025CE24400.00,OPTIDXNIFTY31-07-2025PE24400.00,411.0,15343.0,312,40634,718.0,13.55
24400,07-Aug-2025,OPTIDXNIFTY07-08-2025CE24400.00,OPTIDXNIFTY07-08-2025PE24400.00,2.0,2037.0,0,3077,0.0,33.25
24400,14-Aug-2025,OPTIDXNIFTY14-08-2025CE24400.00,OPTIDXNIFTY14-08-2025PE24400.00,1.0,1.0,0,0,0.0,0.0
24400,21-Aug-2025,,OPTIDXNIFTY21-08-2025PE24400.00,0.0,0.0,0,0,0.0,0.0
24400,28-Aug-2025,OPTIDXNIFTY28-08-2025CE24400.00,OPTIDXNIFTY28-08-2025PE24400.00,130.0,3884.0,16,2817,889.5,88.65
24400,25-Sep-2025,OPTIDXNIFTY25-09-2025CE24400.00,OPTIDXNIFTY25-09-2025PE24400.00,14.0,2271.0,1,354,1100.0,162.45
24450,24-Jul-2025,OPTIDXNIFTY24-07-2025CE24450.00,OPTIDXNIFTY24-07-2025PE24450.00,68.0,21304.0,103,349454,637.0,1.95
24450,31-Jul-2025,OPTIDXNIFTY31-07-2025CE24450.00,OPTIDXNIFTY31-07-2025PE24450.00,204.0,3533.0,38,8365,665.75,15.8
24450,07-Aug-2025,OPTIDXNIFTY07-08-2025CE24450.00,OPTIDXNIFTY07-08-2025PE24450.00,1.0,282.0,0,331,0.0,36.75
24450,14-Aug-2025,OPTIDXNIFTY14-08-2025CE24450.00,OPTIDXNIFTY14-08-2025PE24450.00,0.0,103.0,0,20,0.0,58.0
24450,21-Aug-2025,,OPTIDXNIFTY21-08-2025PE24450.00,0.0,0.0,0,0,0.0,0.0
24450,28-Aug-2025,OPTIDXNIFTY28-08-2025CE24450.00,OPTIDXNIFTY28-08-2025PE24450.00,8.0,431.0,0,387,0.0,95.4
24450,25-Sep-2025,OPTIDXNIFTY25-09-2025CE24450.00,OPTIDXNIFTY25-09-2025PE24450.00,2.0,76.0,0,27,0.0,172.8
24500,24-Jul-2025,OPTIDXNIFTY24-07-2025CE24500.00,OPTIDXNIFTY24-07-2025PE24500.00,1507.0,85143.0,5703,698811,587.3,2.4
24500,31-Jul-2025,OPTIDXNIFTY31-07-2025CE24500.00,OPTIDXNIFTY31-07-2025PE24500.00,8523.0,51375.0,4033,74747,616.95,18.4
24500,07-Aug-2025,OPTIDXNIFTY07-08-2025CE24500.00,OPTIDXNIFTY07-08-2025PE24500.00,220.0,4321.0,169,7814,669.7,42.0
24500,14-Aug-2025,OPTIDXNIFTY14-08-2025CE24500.00,OPTIDXNIFTY14-08-2025PE24500.00,0.0,993.0,0,600,0.0,65.0
24500,21-Aug-2025,,OPTIDXNIFTY21-08-2025PE24500.00,0.0,0.0,0,0,0.0,0.0
24500,28-Aug-2025,OPTIDXNIFTY28-08-2025CE24500.00,OPTIDXNIFTY28-08-2025PE24500.00,3038.0,23917.0,919,16066,807.0,106.8
24500,25-Sep-2025,OPTIDXNIFTY25-09-2025CE24500.00,OPTIDXNIFTY25-09-2025PE24500.00,465.0,7241.0,101,3498,1025.0,186.55
24550,24-Jul-2025,OPTIDXNIFTY24-07-2025CE24550.00,OPTIDXNIFTY24-07-2025PE24550.00,146.0,19863.0,221,453245,536.0,2.6
24550,31-Jul-2025,OPTIDXNIFTY31-07-2025CE24550.00,OPTIDXNIFTY31-07-2025PE24550.00,117.0,3038.0,186,10447,573.9,21.35
24550,07-Aug-2025,OPTIDXNIFTY07-08-2025CE24550.00,OPTIDXNIFTY07-08-2025PE24550.00,1.0,353.0,0,301,0.0,46.65
24550,14-Aug-2025,OPTIDXNIFTY14-08-2025CE24550.00,OPTIDXNIFTY14-08-2025PE24550.00,0.0,67.0,0,13,0.0,74.8
24550,21-Aug-2025,,OPTIDXNIFTY21-08-2025PE24550.00,0.0,0.0,0,0,0.0,0.0
24550,28-Aug-2025,OPTIDXNIFTY28-08-2025CE24550.00,OPTIDXNIFTY28-08-2025PE24550.00,53.0,276.0,5,242,790.75,114.15
24550,25-Sep-2025,OPTIDXNIFTY25-09-2025CE24550.00,OPTIDXNIFTY25-09-2025PE24550.00,6.0,60.0,0,8,0.0,194.75
24600,24-Jul-2025,OPTIDXNIFTY24-07-2025CE24600.00,OPTIDXNIFTY24-07-2025PE24600.00,548.0,53823.0,2521,569930,488.0,3.0
24600,31-Jul-2025,OPTIDXNIFTY31-07-2025CE24600.00,OPTIDXNIFTY31-07-2025PE24600.00,1447.0,17280.0,976,43762,527.35,25.05
24600,07-Aug-2025,OPTIDXNIFTY07-08-2025CE24600.00,OPTIDXNIFTY07-08-2025PE24600.00,107.0,2128.0,32,2501,591.15,53.2
24600,14-Aug-2025,OPTIDXNIFTY14-08-2025CE24600.00,OPTIDXNIFTY14-08-2025PE24600.00,1.0,234.0,0,130,0.0,77.4
24600,21-Aug-2025,,OPTIDXNIFTY21-08-2025PE24600.00,0.0,95.0,0,94,0.0,105.0
24600,28-Aug-2025,OPTIDXNIFTY28-08-2025CE24600.00,OPTIDXNIFTY28-08-2025PE24600.00,182.0,4125.0,81,2662,729.5,124.65
24600,25-Sep-2025,OPTIDXNIFTY25-09-2025CE24600.00,OPTIDXNIFTY25-09-2025PE24600.00,13.0,1497.0,0,543,0.0,203.55
24650,24-Jul-2025,OPTIDXNIFTY24-07-2025CE24650.00,OPTIDXNIFTY24-07-2025PE24650.00,272.0,40328.0,754,392292,437.6,3.65
24650,31-Jul-2025,OPTIDXNIFTY31-07-2025CE24650.00,OPTIDXNIFTY31-07-2025PE24650.00,255.0,7099.0,262,27818,479.4,29.45
24650,07-Aug-2025,OPTIDXNIFTY07-08-2025CE24650.00,OPTIDXNIFTY07-08-2025PE24650.00,0.0,257.0,0,372,0.0,61.5
24650,14-Aug-2025,OPTIDXNIFTY14-08-2025CE24650.00,OPTIDXNIFTY14-08-2025PE24650.00,0.0,32.0,0,4,0.0,92.05
24650,21-Aug-2025,,OPTIDXNIFTY21-08-2025PE24650.00,0.0,2.0,0,2,0.0,108.95
24650,28-Aug-2025,OPTIDXNIFTY28-08-2025CE24650.00,OPTIDXNIFTY28-08-2025PE24650.00,33.0,281.0,18,304,728.05,134.95
24650,25-Sep-2025,OPTIDXNIFTY25-09-2025CE24650.00,OPTIDXNIFTY25-09-2025PE24650.00,2.0,49.0,2,4,910.0,220.0
24700,24-Jul-2025,OPTIDXNIFTY24-07-2025CE24700.00,OPTIDXNIFTY24-07-2025PE24700.00,1412.0,65206.0,11587,934353,388.0,4.65
24700,31-Jul-2025,OPTIDXNIFTY31-07-2025CE24700.00,OPTIDXNIFTY31-07-2025PE24700.00,2830.0,28513.0,2443,66594,433.6,35.3
24700,07-Aug-2025,OPTIDXNIFTY07-08-2025CE24700.00,OPTIDXNIFTY07-08-2025PE24700.00,171.0,2093.0,45,3259,502.85,69.2
24700,14-Aug-2025,OPTIDXNIFTY14-08-2025CE24700.00,OPTIDXNIFTY14-08-2025PE24700.00,3.0,233.0,0,142,0.0,98.65
24700,21-Aug-2025,,OPTIDXNIFTY21-08-2025PE24700.00,0.0,35.0,0,26,0.0,124.1
24700,28-Aug-2025,OPTIDXNIFTY28-08-2025CE24700.00,OPTIDXNIFTY28-08-2025PE24700.00,382.0,4217.0,83,2322,653.1,147.2
24700,25-Sep-2025,OPTIDXNIFTY25-09-2025CE24700.00,OPTIDXNIFTY25-09-2025PE24700.00,84.0,841.0,76,78,870.0,232.05
24750,24-Jul-2025,OPTIDXNIFTY24-07-2025CE24750.00,OPTIDXNIFTY24-07-2025PE24750.00,790.0,33915.0,4913,596000,340.2,6.45
24750,31-Jul-2025,OPTIDXNIFTY31-07-2025CE24750.00,OPTIDXNIFTY31-07-2025PE24750.00,436.0,6654.0,639,29008,393.95,41.95
24750,07-Aug-2025,OPTIDXNIFTY07-08-2025CE24750.00,OPTIDXNIFTY07-08-2025PE24750.00,36.0,745.0,21,981,476.5,79.15
24750,14-Aug-2025,OPTIDXNIFTY14-08-2025CE24750.00,OPTIDXNIFTY14-08-2025PE24750.00,0.0,38.0,0,16,0.0,109.75
24750,21-Aug-2025,,OPTIDXNIFTY21-08-2025PE24750.00,0.0,2.0,0,2,0.0,129.1
24750,28-Aug-2025,OPTIDXNIFTY28-08-2025CE24750.00,OPTIDXNIFTY28-08-2025PE24750.00,30.0,363.0,17,193,608.95,157.5
24750,25-Sep-2025,OPTIDXNIFTY25-09-2025CE24750.00,OPTIDXNIFTY25-09-2025PE24750.00,50.0,16.0,0,3,0.0,243.75
24800,24-Jul-2025,OPTIDXNIFTY24-07-2025CE24800.00,OPTIDXNIFTY24-07-2025PE24800.00,5462.0,79659.0,71725,1078564,292.0,9.15
24800,31-Jul-2025,OPTIDXNIFTY31-07-2025CE24800.00,OPTIDXNIFTY31-07-2025PE24800.00,7628.0,39046.0,8266,95599,350.05,50.05
24800,07-Aug-2025,OPTIDXNIFTY07-08-2025CE24800.00,OPTIDXNIFTY07-08-2025PE24800.00,539.0,1916.0,504,2809,418.4,90.1
24800,14-Aug-2025,OPTIDXNIFTY14-08-2025CE24800.00,OPTIDXNIFTY14-08-2025PE24800.00,5.0,319.0,2,118,477.8,119.05
24800,21-Aug-2025,OPTIDXNIFTY21-08-2025CE24800.00,OPTIDXNIFTY21-08-2025PE24800.00,0.0,42.0,0,21,0.0,145.0
24800,28-Aug-2025,OPTIDXNIFTY28-08-2025CE24800.00,OPTIDXNIFTY28-08-2025PE24800.00,668.0,4967.0,599,3394,581.0,173.45
24800,25-Sep-2025,OPTIDXNIFTY25-09-2025CE24800.00,OPTIDXNIFTY25-09-2025PE24800.00,101.0,1417.0,44,297,803.35,257.6
24850,24-Jul-2025,OPTIDXNIFTY24-07-2025CE24850.00,OPTIDXNIFTY24-07-2025PE24850.00,2325.0,39004.0,36102,694920,246.6,12.95
24850,31-Jul-2025,OPTIDXNIFTY31-07-2025CE24850.00,OPTIDXNIFTY31-07-2025PE24850.00,737.0,5393.0,2194,49835,310.55,60.1
24850,07-Aug-2025,OPTIDXNIFTY07-08-2025CE24850.00,OPTIDXNIFTY07-08-2025PE24850.00,49.0,1029.0,24,476,402.6,101.1
24850,14-Aug-2025,OPTIDXNIFTY14-08-2025CE24850.00,OPTIDXNIFTY14-08-2025PE24850.00,0.0,16.0,0,15,0.0,138.6
24850,21-Aug-2025,OPTIDXNIFTY21-08-2025CE24850.00,OPTIDXNIFTY21-08-2025PE24850.00,1.0,2.0,0,0,0.0,0.0
24850,28-Aug-2025,OPTIDXNIFTY28-08-2025CE24850.00,OPTIDXNIFTY28-08-2025PE24850.00,56.0,213.0,14,222,560.0,187.3
24850,25-Sep-2025,OPTIDXNIFTY25-09-2025CE24850.00,OPTIDXNIFTY25-09-2025PE24850.00,3.0,27.0,0,12,0.0,284.85
24900,24-Jul-2025,OPTIDXNIFTY24-07-2025CE24900.00,OPTIDXNIFTY24-07-2025PE24900.00,13237.0,89857.0,239419,1604811,202.0,18.5
24900,31-Jul-2025,OPTIDXNIFTY31-07-2025CE24900.00,OPTIDXNIFTY31-07-2025PE24900.00,6644.0,27334.0,13172,122792,271.3,71.7
24900,07-Aug-2025,OPTIDXNIFTY07-08-2025CE24900.00,OPTIDXNIFTY07-08-2025PE24900.00,434.0,2085.0,418,2285,346.85,116.5
24900,14-Aug-2025,OPTIDXNIFTY14-08-2025CE24900.00,OPTIDXNIFTY14-08-2025PE24900.00,23.0,227.0,3,81,440.65,149.9
24900,21-Aug-2025,OPTIDXNIFTY21-08-2025CE24900.00,OPTIDXNIFTY21-08-2025PE24900.00,41.0,16.0,13,20,451.75,175.65
24900,28-Aug-2025,OPTIDXNIFTY28-08-2025CE24900.00,OPTIDXNIFTY28-08-2025PE24900.00,575.0,2558.0,379,4008,511.35,202.45
24900,25-Sep-2025,OPTIDXNIFTY25-09-2025CE24900.00,OPTIDXNIFTY25-09-2025PE24900.00,124.0,473.0,11,87,740.0,293.0
24950,24-Jul-2025,OPTIDXNIFTY24-07-2025CE24950.00,OPTIDXNIFTY24-07-2025PE24950.00,13048.0,52133.0,252900,1154308,159.9,26.25
24950,31-Jul-2025,OPTIDXNIFTY31-07-2025CE24950.00,OPTIDXNIFTY31-07-2025PE24950.00,2188.0,5098.0,4625,37975,237.45,85.9
24950,07-Aug-2025,OPTIDXNIFTY07-08-2025CE24950.00,OPTIDXNIFTY07-08-2025PE24950.00,170.0,390.0,108,431,313.6,133.1
24950,14-Aug-2025,OPTIDXNIFTY14-08-2025CE24950.00,OPTIDXNIFTY14-08-2025PE24950.00,2.0,34.0,0,10,0.0,161.5
24950,21-Aug-2025,OPTIDXNIFTY21-08-2025CE24950.00,OPTIDXNIFTY21-08-2025PE24950.00,0.0,4.0,0,3,0.0,179.95
24950,28-Aug-2025,OPTIDXNIFTY28-08-2025CE24950.00,OPTIDXNIFTY28-08-2025PE24950.00,74.0,256.0,29,202,476.0,223.2
24950,25-Sep-2025,OPTIDXNIFTY25-09-2025CE24950.00,OPTIDXNIFTY25-09-2025PE24950.00,5.0,130.0,1,13,767.4,304.0
25000,24-Jul-2025,OPTIDXNIFTY24-07-2025CE25000.00,OPTIDXNIFTY24-07-2025PE25000.00,66196.0,120861.0,1355300,2804457,121.15,37.85
25000,31-Jul-2025,OPTIDXNIFTY31-07-2025CE25000.00,OPTIDXNIFTY31-07-2025PE25000.00,52689.0,75690.0,91636,199244,202.45,103.05
25000,07-Aug-2025,OPTIDXNIFTY07-08-2025CE25000.00,OPTIDXNIFTY07-08-2025PE25000.00,2941.0,5766.0,4756,9745,278.4,149.65
25000,14-Aug-2025,OPTIDXNIFTY14-08-2025CE25000.00,OPTIDXNIFTY14-08-2025PE25000.00,341.0,899.0,222,355,340.85,183.85
25000,21-Aug-2025,OPTIDXNIFTY21-08-2025CE25000.00,OPTIDXNIFTY21-08-2025PE25000.00,140.0,114.0,171,208,394.0,210.6
25000,28-Aug-2025,OPTIDXNIFTY28-08-2025CE25000.00,OPTIDXNIFTY28-08-2025PE25000.00,25025.0,32382.0,8809,14107,443.75,237.05
25000,25-Sep-2025,OPTIDXNIFTY25-09-2025CE25000.00,OPTIDXNIFTY25-09-2025PE25000.00,12069.0,26255.0,1555,2608,675.05,327.6
25000,24-Dec-2025,OPTIDXNIFTY24-12-2025CE25000.00,OPTIDXNIFTY24-12-2025PE25000.00,14245.666666666666,31970.333333333332,755,2312,1200.0,446.05
25000,26-Mar-2026,OPTIDXNIFTY26-03-2026CE25000.00,OPTIDXNIFTY26-03-2026PE25000.00,26.0,498.0,6,119,1660.0,551.0
25000,25-Jun-2026,OPTIDXNIFTY25-06-2026CE25000.00,OPTIDXNIFTY25-06-2026PE25000.00,12.0,137.0,0,26,0.0,724.9
25000,31-Dec-2026,OPTIDXNIFTY31-12-2026CE25000.00,OPTIDXNIFTY31-12-2026PE25000.00,337.3333333333333,647.6666666666666,17,22,2928.9,845.0
25000,24-Jun-2027,,OPTIDXNIFTY24-06-2027PE25000.00,0.0,0.0,0,0,0.0,0.0
25000,30-Dec-2027,OPTIDXNIFTY30-12-2027CE25000.00,OPTIDXNIFTY30-12-2027PE25000.00,1.0,3.0,0,0,0.0,0.0
25000,29-Jun-2028,,OPTIDXNIFTY29-06-2028PE25000.00,0.0,0.0,0,0,0.0,0.0
25000,28-Dec-2028,,OPTIDXNIFTY28-12-2028PE25000.00,0.0,39.333333333333336,0,2,0.0,1144.95
25000,28-Jun-2029,,OPTIDXNIFTY28-06-2029PE25000.00,0.0,0.0,0,0,0.0,0.0
25000,27-Dec-2029,,OPTIDXNIFTY27-12-2029PE25000.00,0.0,0.0,0,0,0.0,0.0
25000,25-Jun-2030,,OPTIDXNIFTY25-06-2030PE25000.00,0.0,0.0,0,0,0.0,0.0
25050,24-Jul-2025,OPTIDXNIFTY24-07-2025CE25050.00,OPTIDXNIFTY24-07-2025PE25050.00,54025.0,66235.0,1507710,2290282,87.75,53.7
25050,31-Jul-2025,OPTIDXNIFTY31-07-2025CE25050.00,OPTIDXNIFTY31-07-2025PE25050.00,5948.0,5212.0,27015,34342,171.9,122.3
25050,07-Aug-2025,OPTIDXNIFTY07-08-2025CE25050.00,OPTIDXNIFTY07-08-2025PE25050.00,557.0,727.0,1465,1760,250.25,170.6
25050,14-Aug-2025,OPTIDXNIFTY14-08-2025CE25050.00,OPTIDXNIFTY14-08-2025PE25050.00,29.0,38.0,24,27,310.2,201.0
25050,21-Aug-2025,OPTIDXNIFTY21-08-2025CE25050.00,OPTIDXNIFTY21-08-2025PE25050.00,3.0,12.0,7,2,380.65,210.75
25050,28-Aug-2025,OPTIDXNIFTY28-08-2025CE25050.00,OPTIDXNIFTY28-08-2025PE25050.00,280.0,418.0,388,326,416.05,255.8
25050,25-Sep-2025,OPTIDXNIFTY25-09-2025CE25050.00,OPTIDXNIFTY25-09-2025PE25050.00,12.0,149.0,2,9,665.05,341.15
25100,24-Jul-2025,OPTIDXNIFTY24-07-2025CE25100.00,OPTIDXNIFTY24-07-2025PE25100.00,182057.0,112408.0,3925498,4069095,60.65,76.4
25100,31-Jul-2025,OPTIDXNIFTY31-07-2025CE25100.00,OPTIDXNIFTY31-07-2025PE25100.00,31766.0,30158.0,134693,129903,144.25,144.4
25100,07-Aug-2025,OPTIDXNIFTY07-08-2025CE25100.00,OPTIDXNIFTY07-08-2025PE25100.00,3823.0,3040.0,8760,6344,218.0,189.25
25100,14-Aug-2025,OPTIDXNIFTY14-08-2025CE25100.00,OPTIDXNIFTY14-08-2025PE25100.00,413.0,336.0,624,218,280.55,222.0
25100,21-Aug-2025,OPTIDXNIFTY21-08-2025CE25100.00,OPTIDXNIFTY21-08-2025PE25100.00,109.0,55.0,72,59,333.0,249.0
25100,28-Aug-2025,OPTIDXNIFTY28-08-2025CE25100.00,OPTIDXNIFTY28-08-2025PE25100.00,5246.0,5586.0,2925,3933,385.75,277.0
25100,25-Sep-2025,OPTIDXNIFTY25-09-2025CE25100.00,OPTIDXNIFTY25-09-2025PE25100.00,240.0,398.0,166,234,609.4,357.0
25150,24-Jul-2025,OPTIDXNIFTY24-07-2025CE25150.00,OPTIDXNIFTY24-07-2025PE25150.00,105182.0,26499.0,2354702,1870734,42.2,108.05
25150,31-Jul-2025,OPTIDXNIFTY31-07-2025CE25150.00,OPTIDXNIFTY31-07-2025PE25150.00,7765.0,4190.0,54016,32180,120.45,169.3
25150,07-Aug-2025,OPTIDXNIFTY07-08-2025CE25150.00,OPTIDXNIFTY07-08-2025PE25150.00,1858.0,531.0,1430,889,196.05,214.75
25150,14-Aug-2025,OPTIDXNIFTY14-08-2025CE25150.00,OPTIDXNIFTY14-08-2025PE25150.00,40.0,58.0,74,42,251.6,243.8
25150,21-Aug-2025,OPTIDXNIFTY21-08-2025CE25150.00,OPTIDXNIFTY21-08-2025PE25150.00,5.0,4.0,0,5,0.0,264.4
25150,28-Aug-2025,OPTIDXNIFTY28-08-2025CE25150.00,OPTIDXNIFTY28-08-2025PE25150.00,318.0,386.0,315,501,355.9,296.3
25150,25-Sep-2025,OPTIDXNIFTY25-09-2025CE25150.00,OPTIDXNIFTY25-09-2025PE25150.00,23.0,81.0,2,16,598.1,381.0
25200,24-Jul-2025,OPTIDXNIFTY24-07-2025CE25200.00,OPTIDXNIFTY24-07-2025PE25200.00,179872.0,39245.0,2685875,1457325,28.65,144.25
25200,31-Jul-2025,OPTIDXNIFTY31-07-2025CE25200.00,OPTIDXNIFTY31-07-2025PE25200.00,48040.0,34674.0,134103,68805,98.85,198.15
25200,07-Aug-2025,OPTIDXNIFTY07-08-2025CE25200.00,OPTIDXNIFTY07-08-2025PE25200.00,5223.0,2635.0,10078,4441,168.75,239.0
25200,14-Aug-2025,OPTIDXNIFTY14-08-2025CE25200.00,OPTIDXNIFTY14-08-2025PE25200.00,318.0,297.0,299,338,230.0,273.0
25200,21-Aug-2025,OPTIDXNIFTY21-08-2025CE25200.00,OPTIDXNIFTY21-08-2025PE25200.00,98.0,43.0,57,60,267.55,299.95
25200,28-Aug-2025,OPTIDXNIFTY28-08-2025CE25200.00,OPTIDXNIFTY28-08-2025PE25200.00,17436.0,16771.0,9166,7144,330.1,319.65
25200,25-Sep-2025,OPTIDXNIFTY25-09-2025CE25200.00,OPTIDXNIFTY25-09-2025PE25200.00,450.0,449.0,208,142,552.6,398.3
25250,24-Jul-2025,OPTIDXNIFTY24-07-2025CE25250.00,OPTIDXNIFTY24-07-2025PE25250.00,69749.0,7797.0,1164255,331388,18.95,185.0
25250,31-Jul-2025,OPTIDXNIFTY31-07-2025CE25250.00,OPTIDXNIFTY31-07-2025PE25250.00,11379.0,4691.0,41926,7772,80.2,229.95
25250,07-Aug-2025,OPTIDXNIFTY07-08-2025CE25250.00,OPTIDXNIFTY07-08-2025PE25250.00,652.0,206.0,1248,367,147.45,262.8
25250,14-Aug-2025,OPTIDXNIFTY14-08-2025CE25250.00,OPTIDXNIFTY14-08-2025PE25250.00,34.0,38.0,28,12,196.0,307.9
25250,21-Aug-2025,OPTIDXNIFTY21-08-2025CE25250.00,OPTIDXNIFTY21-08-2025PE25250.00,5.0,0.0,1,2,245.65,313.55
25250,28-Aug-2025,OPTIDXNIFTY28-08-2025CE25250.00,OPTIDXNIFTY28-08-2025PE25250.00,344.0,369.0,376,262,303.25,343.45
25250,25-Sep-2025,OPTIDXNIFTY25-09-2025CE25250.00,OPTIDXNIFTY25-09-2025PE25250.00,58.0,102.0,6,14,550.0,420.4
25300,24-Jul-2025,OPTIDXNIFTY24-07-2025CE25300.00,OPTIDXNIFTY24-07-2025PE25300.00,104689.0,12100.0,1470013,313752,12.75,228.45
25300,31-Jul-2025,OPTIDXNIFTY31-07-2025CE25300.00,OPTIDXNIFTY31-07-2025PE25300.00,32959.0,12983.0,116404,19146,65.1,264.15
25300,07-Aug-2025,OPTIDXNIFTY07-08-2025CE25300.00,OPTIDXNIFTY07-08-2025PE25300.00,2411.0,1013.0,4816,1325,127.25,295.4
25300,14-Aug-2025,OPTIDXNIFTY14-08-2025CE25300.00,OPTIDXNIFTY14-08-2025PE25300.00,209.0,37.0,148,58,181.8,320.85
25300,21-Aug-2025,OPTIDXNIFTY21-08-2025CE25300.00,OPTIDXNIFTY21-08-2025PE25300.00,59.0,0.0,17,0,242.75,0.0
25300,28-Aug-2025,OPTIDXNIFTY28-08-2025CE25300.00,OPTIDXNIFTY28-08-2025PE25300.00,4818.0,4489.0,3258,1841,278.05,368.95
25300,25-Sep-2025,OPTIDXNIFTY25-09-2025CE25300.00,OPTIDXNIFTY25-09-2025PE25300.00,426.0,402.0,224,129,499.95,444.45
25350,24-Jul-2025,OPTIDXNIFTY24-07-2025CE25350.00,OPTIDXNIFTY24-07-2025PE25350.00,50327.0,1941.0,805223,45847,8.6,273.75
25350,31-Jul-2025,OPTIDXNIFTY31-07-2025CE25350.00,OPTIDXNIFTY31-07-2025PE25350.00,6448.0,1351.0,66538,2748,52.65,301.5
25350,07-Aug-2025,OPTIDXNIFTY07-08-2025CE25350.00,OPTIDXNIFTY07-08-2025PE25350.00,404.0,91.0,474,39,110.0,324.4
25350,14-Aug-2025,OPTIDXNIFTY14-08-2025CE25350.00,OPTIDXNIFTY14-08-2025PE25350.00,19.0,20.0,22,1,160.0,358.7
25350,21-Aug-2025,OPTIDXNIFTY21-08-2025CE25350.00,OPTIDXNIFTY21-08-2025PE25350.00,5.0,0.0,3,0,209.15,0.0
25350,28-Aug-2025,OPTIDXNIFTY28-08-2025CE25350.00,OPTIDXNIFTY28-08-2025PE25350.00,318.0,201.0,208,109,256.35,394.7
25350,25-Sep-2025,OPTIDXNIFTY25-09-2025CE25350.00,OPTIDXNIFTY25-09-2025PE25350.00,47.0,74.0,31,35,471.0,465.0
25400,24-Jul-2025,OPTIDXNIFTY24-07-2025CE25400.00,OPTIDXNIFTY24-07-2025PE25400.00,91119.0,7747.0,1091698,54588,5.8,322.05
25400,31-Jul-2025,OPTIDXNIFTY31-07-2025CE25400.00,OPTIDXNIFTY31-07-2025PE25400.00,33024.0,11334.0,106269,6738,41.85,340.9
25400,07-Aug-2025,OPTIDXNIFTY07-08-2025CE25400.00,OPTIDXNIFTY07-08-2025PE25400.00,2223.0,422.0,5903,324,93.35,361.05
25400,14-Aug-2025,OPTIDXNIFTY14-08-2025CE25400.00,OPTIDXNIFTY14-08-2025PE25400.00,167.0,51.0,177,3,143.0,381.45
25400,21-Aug-2025,OPTIDXNIFTY21-08-2025CE25400.00,OPTIDXNIFTY21-08-2025PE25400.00,0.0,3.0,0,7,0.0,385.0
25400,28-Aug-2025,OPTIDXNIFTY28-08-2025CE25400.00,OPTIDXNIFTY28-08-2025PE25400.00,3396.0,3145.0,2299,838,234.3,424.05
25400,25-Sep-2025,OPTIDXNIFTY25-09-2025CE25400.00,OPTIDXNIFTY25-09-2025PE25400.00,245.0,698.0,126,82,447.95,489.3
25450,24-Jul-2025,OPTIDXNIFTY24-07-2025CE25450.00,OPTIDXNIFTY24-07-2025PE25450.00,41285.0,720.0,787484,7225,4.25,369.5
25450,31-Jul-2025,OPTIDXNIFTY31-07-2025CE25450.00,OPTIDXNIFTY31-07-2025PE25450.00,6650.0,2621.0,32163,1865,33.85,380.7
25450,07-Aug-2025,OPTIDXNIFTY07-08-2025CE25450.00,OPTIDXNIFTY07-08-2025PE25450.00,746.0,30.0,1419,42,80.55,397.15
25450,14-Aug-2025,OPTIDXNIFTY14-08-2025CE25450.00,OPTIDXNIFTY14-08-2025PE25450.00,40.0,0.0,45,0,121.9,0.0
25450,21-Aug-2025,OPTIDXNIFTY21-08-2025CE25450.00,OPTIDXNIFTY21-08-2025PE25450.00,0.0,0.0,0,0,0.0,0.0
25450,28-Aug-2025,OPTIDXNIFTY28-08-2025CE25450.00,OPTIDXNIFTY28-08-2025PE25450.00,345.0,126.0,168,4,210.0,443.05
25450,25-Sep-2025,OPTIDXNIFTY25-09-2025CE25450.00,OPTIDXNIFTY25-09-2025PE25450.00,241.0,55.0,8,2,422.3,513.2
25500,24-Jul-2025,OPTIDXNIFTY24-07-2025CE25500.00,OPTIDXNIFTY24-07-2025PE25500.00,143496.0,9270.0,1243801,25228,3.25,419.5
25500,31-Jul-2025,OPTIDXNIFTY31-07-2025CE25500.00,OPTIDXNIFTY31-07-2025PE25500.00,81657.0,31156.0,135368,14308,27.25,426.65
25500,07-Aug-2025,OPTIDXNIFTY07-08-2025CE25500.00,OPTIDXNIFTY07-08-2025PE25500.00,4640.0,586.0,11631,545,68.1,436.0
25500,14-Aug-2025,OPTIDXNIFTY14-08-2025CE25500.00,OPTIDXNIFTY14-08-2025PE25500.00,485.0,37.0,560,10,110.5,468.1
25500,21-Aug-2025,OPTIDXNIFTY21-08-2025CE25500.00,OPTIDXNIFTY21-08-2025PE25500.00,265.0,25.0,322,43,151.0,465.0
25500,28-Aug-2025,OPTIDXNIFTY28-08-2025CE25500.00,OPTIDXNIFTY28-08-2025PE25500.00,25190.0,20348.0,16454,5407,194.1,483.75
25500,25-Sep-2025,OPTIDXNIFTY25-09-2025CE25500.00,OPTIDXNIFTY25-09-2025PE25500.00,3944.0,3959.0,1286,1176,399.05,542.6
25550,24-Jul-2025,OPTIDXNIFTY24-07-2025CE25550.00,OPTIDXNIFTY24-07-2025PE25550.00,34346.0,715.0,600425,1321,2.55,468.6
25550,31-Jul-2025,OPTIDXNIFTY31-07-2025CE25550.00,OPTIDXNIFTY31-07-2025PE25550.00,7228.0,1141.0,31115,447,22.0,470.8
25550,07-Aug-2025,OPTIDXNIFTY07-08-2025CE25550.00,OPTIDXNIFTY07-08-2025PE25550.00,333.0,29.0,826,0,57.75,0.0
25550,14-Aug-2025,OPTIDXNIFTY14-08-2025CE25550.00,OPTIDXNIFTY14-08-2025PE25550.00,0.0,0.0,0,0,0.0,0.0
25550,21-Aug-2025,OPTIDXNIFTY21-08-2025CE25550.00,,0.0,0.0,0,0,0.0,0.0
25550,28-Aug-2025,OPTIDXNIFTY28-08-2025CE25550.00,OPTIDXNIFTY28-08-2025PE25550.00,469.0,264.0,242,15,177.55,510.55
25550,25-Sep-2025,OPTIDXNIFTY25-09-2025CE25550.00,OPTIDXNIFTY25-09-2025PE25550.00,71.0,55.0,10,2,370.0,578.0
25600,24-Jul-2025,OPTIDXNIFTY24-07-2025CE25600.00,OPTIDXNIFTY24-07-2025PE25600.00,73654.0,3225.0,721674,3485,2.0,515.55
25600,31-Jul-2025,OPTIDXNIFTY31-07-2025CE25600.00,OPTIDXNIFTY31-07-2025PE25600.00,39282.0,11027.0,71462,4442,18.15,516.7
25600,07-Aug-2025,OPTIDXNIFTY07-08-2025CE25600.00,OPTIDXNIFTY07-08-2025PE25600.00,2310.0,284.0,4315,204,48.4,512.65
25600,14-Aug-2025,OPTIDXNIFTY14-08-2025CE25600.00,OPTIDXNIFTY14-08-2025PE25600.00,439.0,9.0,455,7,85.3,507.4
25600,21-Aug-2025,OPTIDXNIFTY21-08-2025CE25600.00,,0.0,0.0,0,0,0.0,0.0
25600,28-Aug-2025,OPTIDXNIFTY28-08-2025CE25600.00,OPTIDXNIFTY28-08-2025PE25600.00,3750.0,1372.0,3019,248,159.0,545.0
25600,25-Sep-2025,OPTIDXNIFTY25-09-2025CE25600.00,OPTIDXNIFTY25-09-2025PE25600.00,390.0,211.0,107,5,353.0,589.1
25650,24-Jul-2025,OPTIDXNIFTY24-07-2025CE25650.00,OPTIDXNIFTY24-07-2025PE25650.00,34911.0,250.0,429802,396,1.6,567.7
25650,31-Jul-2025,OPTIDXNIFTY31-07-2025CE25650.00,OPTIDXNIFTY31-07-2025PE25650.00,6959.0,848.0,25423,290,14.65,559.8
25650,07-Aug-2025,OPTIDXNIFTY07-08-2025CE25650.00,OPTIDXNIFTY07-08-2025PE25650.00,528.0,36.0,819,0,41.5,0.0
25650,14-Aug-2025,OPTIDXNIFTY14-08-2025CE25650.00,OPTIDXNIFTY14-08-2025PE25650.00,0.0,0.0,0,0,0.0,0.0
25650,21-Aug-2025,OPTIDXNIFTY21-08-2025CE25650.00,,0.0,0.0,0,0,0.0,0.0
25650,28-Aug-2025,OPTIDXNIFTY28-08-2025CE25650.00,OPTIDXNIFTY28-08-2025PE25650.00,301.0,151.0,180,28,145.4,589.35
25650,25-Sep-2025,OPTIDXNIFTY25-09-2025CE25650.00,OPTIDXNIFTY25-09-2025PE25650.00,68.0,28.0,30,1,330.0,613.6
25700,24-Jul-2025,OPTIDXNIFTY24-07-2025CE25700.00,OPTIDXNIFTY24-07-2025PE25700.00,78586.0,1019.0,576963,686,1.4,616.2
25700,31-Jul-2025,OPTIDXNIFTY31-07-2025CE25700.00,OPTIDXNIFTY31-07-2025PE25700.00,27883.0,7025.0,61972,670,11.9,610.0
25700,07-Aug-2025,OPTIDXNIFTY07-08-2025CE25700.00,OPTIDXNIFTY07-08-2025PE25700.00,1774.0,119.0,3215,44,34.9,598.55
25700,14-Aug-2025,OPTIDXNIFTY14-08-2025CE25700.00,OPTIDXNIFTY14-08-2025PE25700.00,244.0,0.0,630,0,63.45,0.0
25700,21-Aug-2025,OPTIDXNIFTY21-08-2025CE25700.00,,0.0,0.0,0,0,0.0,0.0
25700,28-Aug-2025,OPTIDXNIFTY28-08-2025CE25700.00,OPTIDXNIFTY28-08-2025PE25700.00,5201.0,1471.0,3015,266,128.85,618.9
25700,25-Sep-2025,OPTIDXNIFTY25-09-2025CE25700.00,OPTIDXNIFTY25-09-2025PE25700.00,266.0,170.0,182,67,310.0,646.0
25750,24-Jul-2025,OPTIDXNIFTY24-07-2025CE25750.00,OPTIDXNIFTY24-07-2025PE25750.00,34984.0,404.0,240129,58,1.1,660.5
25750,31-Jul-2025,OPTIDXNIFTY31-07-2025CE25750.00,OPTIDXNIFTY31-07-2025PE25750.00,6047.0,616.0,17351,136,9.8,661.8
25750,07-Aug-2025,OPTIDXNIFTY07-08-2025CE25750.00,OPTIDXNIFTY07-08-2025PE25750.00,416.0,2.0,485,0,29.05,0.0
25750,14-Aug-2025,OPTIDXNIFTY14-08-2025CE25750.00,OPTIDXNIFTY14-08-2025PE25750.00,0.0,0.0,0,0,0.0,0.0
25750,21-Aug-2025,OPTIDXNIFTY21-08-2025CE25750.00,,0.0,0.0,0,0,0.0,0.0
25750,28-Aug-2025,OPTIDXNIFTY28-08-2025CE25750.00,OPTIDXNIFTY28-08-2025PE25750.00,319.0,105.0,233,1,116.9,617.15
25750,25-Sep-2025,OPTIDXNIFTY25-09-2025CE25750.00,OPTIDXNIFTY25-09-2025PE25750.00,114.0,65.0,7,6,300.75,673.7
25800,24-Jul-2025,OPTIDXNIFTY24-07-2025CE25800.00,OPTIDXNIFTY24-07-2025PE25800.00,69427.0,1205.0,441266,599,1.0,715.95
25800,31-Jul-2025,OPTIDXNIFTY31-07-2025CE25800.00,OPTIDXNIFTY31-07-2025PE25800.00,26434.0,2662.0,46855,636,8.15,708.0
25800,07-Aug-2025,OPTIDXNIFTY07-08-2025CE25800.00,OPTIDXNIFTY07-08-2025PE25800.00,2392.0,125.0,5308,0,25.0,0.0
25800,14-Aug-2025,OPTIDXNIFTY14-08-2025CE25800.00,OPTIDXNIFTY14-08-2025PE25800.00,310.0,1.0,309,0,50.0,0.0
25800,21-Aug-2025,OPTIDXNIFTY21-08-2025CE25800.00,,0.0,0.0,0,0,0.0,0.0
25800,28-Aug-2025,OPTIDXNIFTY28-08-2025CE25800.00,OPTIDXNIFTY28-08-2025PE25800.00,4101.0,1046.0,4151,74,104.7,691.0
25800,25-Sep-2025,OPTIDXNIFTY25-09-2025CE25800.00,OPTIDXNIFTY25-09-2025PE25800.00,360.0,169.0,244,41,271.1,722.05
25850,24-Jul-2025,OPTIDXNIFTY24-07-2025CE25850.00,OPTIDXNIFTY24-07-2025PE25850.00,20842.0,29.0,147735,28,1.0,773.45
25850,31-Jul-2025,OPTIDXNIFTY31-07-2025CE25850.00,OPTIDXNIFTY31-07-2025PE25850.00,4503.0,1227.0,14136,27,7.0,757.6
25850,07-Aug-2025,OPTIDXNIFTY07-08-2025CE25850.00,OPTIDXNIFTY07-08-2025PE25850.00,503.0,2.0,295,2,21.75,693.75
25850,14-Aug-2025,OPTIDXNIFTY14-08-2025CE25850.00,OPTIDXNIFTY14-08-2025PE25850.00,0.0,0.0,0,0,0.0,0.0
25850,21-Aug-2025,OPTIDXNIFTY21-08-2025CE25850.00,,0.0,0.0,0,0,0.0,0.0
25850,28-Aug-2025,OPTIDXNIFTY28-08-2025CE25850.00,OPTIDXNIFTY28-08-2025PE25850.00,332.0,110.0,225,0,93.75,0.0
25850,25-Sep-2025,OPTIDXNIFTY25-09-2025CE25850.00,OPTIDXNIFTY25-09-2025PE25850.00,109.0,88.0,9,0,251.0,0.0
25900,24-Jul-2025,OPTIDXNIFTY24-07-2025CE25900.00,OPTIDXNIFTY24-07-2025PE25900.00,39776.0,305.0,235710,38,0.9,825.0
25900,31-Jul-2025,OPTIDXNIFTY31-07-2025CE25900.00,OPTIDXNIFTY31-07-2025PE25900.00,13654.0,1684.0,38539,446,5.8,799.45
25900,07-Aug-2025,OPTIDXNIFTY07-08-2025CE25900.00,OPTIDXNIFTY07-08-2025PE25900.00,2751.0,2.0,3289,2,18.05,729.15
25900,14-Aug-2025,OPTIDXNIFTY14-08-2025CE25900.00,OPTIDXNIFTY14-08-2025PE25900.00,277.0,0.0,291,0,37.0,0.0
25900,21-Aug-2025,OPTIDXNIFTY21-08-2025CE25900.00,,0.0,0.0,0,0,0.0,0.0
25900,28-Aug-2025,OPTIDXNIFTY28-08-2025CE25900.00,OPTIDXNIFTY28-08-2025PE25900.00,3040.0,899.0,3556,22,84.15,763.0
25900,25-Sep-2025,OPTIDXNIFTY25-09-2025CE25900.00,OPTIDXNIFTY25-09-2025PE25900.00,309.0,132.0,86,21,237.5,788.8
25950,24-Jul-2025,OPTIDXNIFTY24-07-2025CE25950.00,OPTIDXNIFTY24-07-2025PE25950.00,17770.0,23.0,103821,10,0.8,873.4
25950,31-Jul-2025,OPTIDXNIFTY31-07-2025CE25950.00,OPTIDXNIFTY31-07-2025PE25950.00,2892.0,146.0,8039,0,5.1,0.0
25950,07-Aug-2025,OPTIDXNIFTY07-08-2025CE25950.00,OPTIDXNIFTY07-08-2025PE25950.00,117.0,0.0,167,2,15.75,785.65
25950,14-Aug-2025,OPTIDXNIFTY14-08-2025CE25950.00,,0.0,0.0,0,0,0.0,0.0
25950,21-Aug-2025,OPTIDXNIFTY21-08-2025CE25950.00,,0.0,0.0,0,0,0.0,0.0
25950,28-Aug-2025,OPTIDXNIFTY28-08-2025CE25950.00,OPTIDXNIFTY28-08-2025PE25950.00,322.0,20.0,248,0,75.6,0.0
25950,25-Sep-2025,OPTIDXNIFTY25-09-2025CE25950.00,OPTIDXNIFTY25-09-2025PE25950.00,129.0,167.0,35,12,219.0,788.7
26000,24-Jul-2025,OPTIDXNIFTY24-07-2025CE26000.00,OPTIDXNIFTY24-07-2025PE26000.00,165725.0,2374.0,652687,776,0.8,915.5
26000,31-Jul-2025,OPTIDXNIFTY31-07-2025CE26000.00,OPTIDXNIFTY31-07-2025PE26000.00,80438.0,16750.0,98502,1724,4.5,900.5
26000,07-Aug-2025,OPTIDXNIFTY07-08-2025CE26000.00,OPTIDXNIFTY07-08-2025PE26000.00,4800.0,83.0,6516,6,13.75,872.0
26000,14-Aug-2025,OPTIDXNIFTY14-08-2025CE26000.00,,0.0,0.0,0,0,0.0,0.0
26000,21-Aug-2025,OPTIDXNIFTY21-08-2025CE26000.00,,0.0,0.0,0,0,0.0,0.0
26000,28-Aug-2025,OPTIDXNIFTY28-08-2025CE26000.00,OPTIDXNIFTY28-08-2025PE26000.00,25229.0,7524.0,18053,1891,68.0,851.75
26000,25-Sep-2025,OPTIDXNIFTY25-09-2025CE26000.00,OPTIDXNIFTY25-09-2025PE26000.00,12951.0,9207.0,4173,582,207.0,843.0
26000,24-Dec-2025,OPTIDXNIFTY24-12-2025CE26000.00,OPTIDXNIFTY24-12-2025PE26000.00,27014.0,16124.666666666666,2138,1356,638.25,850.1
26000,26-Mar-2026,OPTIDXNIFTY26-03-2026CE26000.00,OPTIDXNIFTY26-03-2026PE26000.00,46.0,0.0,41,0,1075.0,0.0
26000,25-Jun-2026,OPTIDXNIFTY25-06-2026CE26000.00,OPTIDXNIFTY25-06-2026PE26000.00,44.333333333333336,13.0,0,0,0.0,0.0
26000,31-Dec-2026,OPTIDXNIFTY31-12-2026CE26000.00,OPTIDXNIFTY31-12-2026PE26000.00,74.0,616.0,0,6,0.0,1148.2
26000,24-Jun-2027,,OPTIDXNIFTY24-06-2027PE26000.00,0.0,0.0,0,0,0.0,0.0
26000,30-Dec-2027,,OPTIDXNIFTY30-12-2027PE26000.00,0.0,2.0,0,0,0.0,0.0
26000,29-Jun-2028,,OPTIDXNIFTY29-06-2028PE26000.00,0.0,0.0,0,0,0.0,0.0
26000,28-Dec-2028,,OPTIDXNIFTY28-12-2028PE26000.00,0.0,0.0,0,0,0.0,0.0
26000,28-Jun-2029,,OPTIDXNIFTY28-06-2029PE26000.00,0.0,0.3333333333333333,0,0,0.0,0.0
26000,27-Dec-2029,,OPTIDXNIFTY27-12-2029PE26000.00,0.0,0.0,0,0,0.0,0.0
26000,25-Jun-2030,,OPTIDXNIFTY25-06-2030PE26000.00,0.0,0.0,0,0,0.0,0.0
26050,24-Jul-2025,OPTIDXNIFTY24-07-2025CE26050.00,OPTIDXNIFTY24-07-2025PE26050.00,16683.0,22.0,106867,10,0.75,974.55
26050,31-Jul-2025,OPTIDXNIFTY31-07-2025CE26050.00,OPTIDXNIFTY31-07-2025PE26050.00,3678.0,93.0,8413,5,3.7,960.0
26050,07-Aug-2025,OPTIDXNIFTY07-08-2025CE26050.00,OPTIDXNIFTY07-08-2025PE26050.00,0.0,1.0,0,2,0.0,927.85
26050,14-Aug-2025,OPTIDXNIFTY14-08-2025CE26050.00,,0.0,0.0,0,0,0.0,0.0
26050,21-Aug-2025,OPTIDXNIFTY21-08-2025CE26050.00,,0.0,0.0,0,0,0.0,0.0
26050,28-Aug-2025,OPTIDXNIFTY28-08-2025CE26050.00,OPTIDXNIFTY28-08-2025PE26050.00,305.0,15.0,140,0,59.6,0.0
26050,25-Sep-2025,OPTIDXNIFTY25-09-2025CE26050.00,OPTIDXNIFTY25-09-2025PE26050.00,146.0,5.0,29,0,189.4,0.0
26100,24-Jul-2025,OPTIDXNIFTY24-07-2025CE26100.00,OPTIDXNIFTY24-07-2025PE26100.00,53203.0,168.0,228935,27,0.65,1006.05
26100,31-Jul-2025,OPTIDXNIFTY31-07-2025CE26100.00,OPTIDXNIFTY31-07-2025PE26100.00,9205.0,314.0,32669,67,3.35,994.45
26100,07-Aug-2025,OPTIDXNIFTY07-08-2025CE26100.00,OPTIDXNIFTY07-08-2025PE26100.00,0.0,0.0,0,0,0.0,0.0
26100,14-Aug-2025,OPTIDXNIFTY14-08-2025CE26100.00,,1.0,0.0,1,0,67.95,0.0
26100,21-Aug-2025,OPTIDXNIFTY21-08-2025CE26100.00,,0.0,0.0,0,0,0.0,0.0
26100,28-Aug-2025,OPTIDXNIFTY28-08-2025CE26100.00,OPTIDXNIFTY28-08-2025PE26100.00,2820.0,137.0,3111,32,53.15,944.0
26100,25-Sep-2025,OPTIDXNIFTY25-09-2025CE26100.00,OPTIDXNIFTY25-09-2025PE26100.00,514.0,12.0,190,0,178.0,0.0
26150,24-Jul-2025,OPTIDXNIFTY24-07-2025CE26150.00,OPTIDXNIFTY24-07-2025PE26150.00,11449.0,11.0,105241,1,0.6,1045.0
26150,31-Jul-2025,OPTIDXNIFTY31-07-2025CE26150.00,OPTIDXNIFTY31-07-2025PE26150.00,2036.0,64.0,6150,0,3.1,0.0
26150,07-Aug-2025,OPTIDXNIFTY07-08-2025CE26150.00,OPTIDXNIFTY07-08-2025PE26150.00,0.0,1.0,0,2,0.0,1023.45
26150,14-Aug-2025,OPTIDXNIFTY14-08-2025CE26150.00,,0.0,0.0,0,0,0.0,0.0
26150,21-Aug-2025,OPTIDXNIFTY21-08-2025CE26150.00,,0.0,0.0,0,0,0.0,0.0
26150,28-Aug-2025,OPTIDXNIFTY28-08-2025CE26150.00,OPTIDXNIFTY28-08-2025PE26150.00,185.0,19.0,156,0,47.4,0.0
26150,25-Sep-2025,OPTIDXNIFTY25-09-2025CE26150.00,OPTIDXNIFTY25-09-2025PE26150.00,83.0,7.0,11,0,163.6,0.0
26200,24-Jul-2025,OPTIDXNIFTY24-07-2025CE26200.00,OPTIDXNIFTY24-07-2025PE26200.00,43722.0,46.0,203434,26,0.65,1116.4
26200,31-Jul-2025,OPTIDXNIFTY31-07-2025CE26200.00,OPTIDXNIFTY31-07-2025PE26200.00,19805.0,394.0,16215,77,2.7,1116.95
26200,07-Aug-2025,OPTIDXNIFTY07-08-2025CE26200.00,OPTIDXNIFTY07-08-2025PE26200.00,1417.0,1.0,2133,2,7.8,1079.35
26200,14-Aug-2025,OPTIDXNIFTY14-08-2025CE26200.00,,0.0,0.0,0,0,0.0,0.0
26200,21-Aug-2025,OPTIDXNIFTY21-08-2025CE26200.00,,0.0,0.0,0,0,0.0,0.0
26200,28-Aug-2025,OPTIDXNIFTY28-08-2025CE26200.00,OPTIDXNIFTY28-08-2025PE26200.00,3724.0,175.0,5715,77,41.45,1028.45
26200,25-Sep-2025,OPTIDXNIFTY25-09-2025CE26200.00,OPTIDXNIFTY25-09-2025PE26200.00,1562.0,17.0,834,1,151.05,995.0
26250,24-Jul-2025,OPTIDXNIFTY24-07-2025CE26250.00,OPTIDXNIFTY24-07-2025PE26250.00,9788.0,9.0,78743,0,0.6,0.0
26250,31-Jul-2025,OPTIDXNIFTY31-07-2025CE26250.00,OPTIDXNIFTY31-07-2025PE26250.00,2911.0,62.0,5761,1,2.55,1100.05
26250,07-Aug-2025,OPTIDXNIFTY07-08-2025CE26250.00,OPTIDXNIFTY07-08-2025PE26250.00,515.0,0.0,642,0,7.15,0.0
26250,14-Aug-2025,OPTIDXNIFTY14-08-2025CE26250.00,,0.0,0.0,0,0,0.0,0.0
26250,21-Aug-2025,OPTIDXNIFTY21-08-2025CE26250.00,,0.0,0.0,0,0,0.0,0.0
26250,28-Aug-2025,OPTIDXNIFTY28-08-2025CE26250.00,OPTIDXNIFTY28-08-2025PE26250.00,301.0,21.0,315,0,37.65,0.0
26250,25-Sep-2025,OPTIDXNIFTY25-09-2025CE26250.00,OPTIDXNIFTY25-09-2025PE26250.00,108.0,29.0,14,0,140.65,0.0
26300,24-Jul-2025,OPTIDXNIFTY24-07-2025CE26300.00,OPTIDXNIFTY24-07-2025PE26300.00,27016.0,93.0,139950,15,0.55,1191.0
26300,31-Jul-2025,OPTIDXNIFTY31-07-2025CE26300.00,OPTIDXNIFTY31-07-2025PE26300.00,15701.0,188.0,19898,68,2.25,1218.9
26300,07-Aug-2025,OPTIDXNIFTY07-08-2025CE26300.00,OPTIDXNIFTY07-08-2025PE26300.00,0.0,0.0,0,0,0.0,0.0
26300,14-Aug-2025,OPTIDXNIFTY14-08-2025CE26300.00,,0.0,0.0,0,0,0.0,0.0
26300,21-Aug-2025,OPTIDXNIFTY21-08-2025CE26300.00,,0.0,0.0,0,0,0.0,0.0
26300,28-Aug-2025,OPTIDXNIFTY28-08-2025CE26300.00,OPTIDXNIFTY28-08-2025PE26300.00,3032.0,103.0,3225,15,33.35,1112.4
26300,25-Sep-2025,OPTIDXNIFTY25-09-2025CE26300.00,OPTIDXNIFTY25-09-2025PE26300.00,852.0,2.0,587,0,130.0,0.0
26350,24-Jul-2025,OPTIDXNIFTY24-07-2025CE26350.00,OPTIDXNIFTY24-07-2025PE26350.00,8088.0,11.0,53279,0,0.5,0.0
26350,31-Jul-2025,OPTIDXNIFTY31-07-2025CE26350.00,OPTIDXNIFTY31-07-2025PE26350.00,930.0,43.0,2557,0,2.05,0.0
26350,07-Aug-2025,OPTIDXNIFTY07-08-2025CE26350.00,OPTIDXNIFTY07-08-2025PE26350.00,0.0,0.0,0,0,0.0,0.0
26350,14-Aug-2025,OPTIDXNIFTY14-08-2025CE26350.00,,0.0,0.0,0,0,0.0,0.0
26350,21-Aug-2025,OPTIDXNIFTY21-08-2025CE26350.00,,0.0,0.0,0,0,0.0,0.0
26350,28-Aug-2025,OPTIDXNIFTY28-08-2025CE26350.00,OPTIDXNIFTY28-08-2025PE26350.00,265.0,26.0,99,0,30.3,0.0
26350,25-Sep-2025,OPTIDXNIFTY25-09-2025CE26350.00,OPTIDXNIFTY25-09-2025PE26350.00,67.0,3.0,36,0,117.0,0.0
26400,24-Jul-2025,OPTIDXNIFTY24-07-2025CE26400.00,OPTIDXNIFTY24-07-2025PE26400.00,29453.0,25.0,115094,0,0.5,0.0
26400,31-Jul-2025,OPTIDXNIFTY31-07-2025CE26400.00,OPTIDXNIFTY31-07-2025PE26400.00,7782.0,146.0,9647,0,1.95,0.0
26400,07-Aug-2025,OPTIDXNIFTY07-08-2025CE26400.00,OPTIDXNIFTY07-08-2025PE26400.00,51.0,0.0,66,0,5.5,0.0
26400,14-Aug-2025,OPTIDXNIFTY14-08-2025CE26400.00,,0.0,0.0,0,0,0.0,0.0
26400,21-Aug-2025,OPTIDXNIFTY21-08-2025CE26400.00,,0.0,0.0,0,0,0.0,0.0
26400,28-Aug-2025,OPTIDXNIFTY28-08-2025CE26400.00,OPTIDXNIFTY28-08-2025PE26400.00,2288.0,34.0,1741,0,26.4,0.0
26400,25-Sep-2025,OPTIDXNIFTY25-09-2025CE26400.00,OPTIDXNIFTY25-09-2025PE26400.00,2527.0,5.0,752,0,108.7,0.0
26450,24-Jul-2025,OPTIDXNIFTY24-07-2025CE26450.00,OPTIDXNIFTY24-07-2025PE26450.00,19592.0,1.0,73501,0,0.5,0.0
26450,31-Jul-2025,OPTIDXNIFTY31-07-2025CE26450.00,OPTIDXNIFTY31-07-2025PE26450.00,847.0,16.0,710,0,1.9,0.0
26450,07-Aug-2025,OPTIDXNIFTY07-08-2025CE26450.00,OPTIDXNIFTY07-08-2025PE26450.00,0.0,0.0,0,0,0.0,0.0
26450,14-Aug-2025,OPTIDXNIFTY14-08-2025CE26450.00,,0.0,0.0,0,0,0.0,0.0
26450,21-Aug-2025,OPTIDXNIFTY21-08-2025CE26450.00,,0.0,0.0,0,0,0.0,0.0
26450,28-Aug-2025,OPTIDXNIFTY28-08-2025CE26450.00,OPTIDXNIFTY28-08-2025PE26450.00,0.0,14.0,0,0,0.0,0.0
26450,25-Sep-2025,OPTIDXNIFTY25-09-2025CE26450.00,OPTIDXNIFTY25-09-2025PE26450.00,40.0,2.0,23,0,101.0,0.0
26500,24-Jul-2025,OPTIDXNIFTY24-07-2025CE26500.00,OPTIDXNIFTY24-07-2025PE26500.00,89708.0,260.0,169421,26,0.55,1410.0
26500,31-Jul-2025,OPTIDXNIFTY31-07-2025CE26500.00,OPTIDXNIFTY31-07-2025PE26500.00,44196.0,12387.0,30466,409,1.7,1395.15
26500,07-Aug-2025,OPTIDXNIFTY07-08-2025CE26500.00,OPTIDXNIFTY07-08-2025PE26500.00,2316.0,2.0,2331,0,4.45,0.0
26500,14-Aug-2025,OPTIDXNIFTY14-08-2025CE26500.00,,0.0,0.0,0,0,0.0,0.0
26500,21-Aug-2025,OPTIDXNIFTY21-08-2025CE26500.00,,15.0,0.0,13,0,13.05,0.0
26500,28-Aug-2025,OPTIDXNIFTY28-08-2025CE26500.00,OPTIDXNIFTY28-08-2025PE26500.00,12741.0,3580.0,9588,228,21.85,1305.7
26500,25-Sep-2025,OPTIDXNIFTY25-09-2025CE26500.00,OPTIDXNIFTY25-09-2025PE26500.00,9060.0,1251.0,4243,36,94.8,1226.0
26550,24-Jul-2025,OPTIDXNIFTY24-07-2025CE26550.00,OPTIDXNIFTY24-07-2025PE26550.00,23385.0,6.0,56022,0,0.45,0.0
26550,31-Jul-2025,OPTIDXNIFTY31-07-2025CE26550.00,OPTIDXNIFTY31-07-2025PE26550.00,1526.0,52.0,1249,0,1.6,0.0
26550,07-Aug-2025,OPTIDXNIFTY07-08-2025CE26550.00,OPTIDXNIFTY07-08-2025PE26550.00,89.0,0.0,62,0,4.4,0.0
26550,14-Aug-2025,OPTIDXNIFTY14-08-2025CE26550.00,,299.0,0.0,356,0,9.3,0.0
26550,21-Aug-2025,OPTIDXNIFTY21-08-2025CE26550.00,,0.0,0.0,0,0,0.0,0.0
26550,28-Aug-2025,OPTIDXNIFTY28-08-2025CE26550.00,OPTIDXNIFTY28-08-2025PE26550.00,0.0,12.0,0,0,0.0,0.0
26550,25-Sep-2025,OPTIDXNIFTY25-09-2025CE26550.00,OPTIDXNIFTY25-09-2025PE26550.00,103.0,6.0,88,0,86.1,0.0
26600,24-Jul-2025,OPTIDXNIFTY24-07-2025CE26600.00,OPTIDXNIFTY24-07-2025PE26600.00,36341.0,12.0,55465,3,0.5,1470.75
26600,31-Jul-2025,OPTIDXNIFTY31-07-2025CE26600.00,OPTIDXNIFTY31-07-2025PE26600.00,7251.0,149.0,3445,13,1.5,1478.9
26600,07-Aug-2025,OPTIDXNIFTY07-08-2025CE26600.00,OPTIDXNIFTY07-08-2025PE26600.00,0.0,1.0,1,2,3.1,1460.1
26600,14-Aug-2025,OPTIDXNIFTY14-08-2025CE26600.00,,250.0,0.0,229,0,7.4,0.0
26600,21-Aug-2025,OPTIDXNIFTY21-08-2025CE26600.00,,0.0,0.0,0,0,0.0,0.0
26600,28-Aug-2025,OPTIDXNIFTY28-08-2025CE26600.00,OPTIDXNIFTY28-08-2025PE26600.00,2742.0,22.0,1568,4,17.9,1376.3
26600,25-Sep-2025,OPTIDXNIFTY25-09-2025CE26600.00,OPTIDXNIFTY25-09-2025PE26600.00,2285.0,4.0,1195,0,79.5,0.0
26650,24-Jul-2025,OPTIDXNIFTY24-07-2025CE26650.00,OPTIDXNIFTY24-07-2025PE26650.00,11934.0,10.0,33086,0,0.4,0.0
26650,31-Jul-2025,OPTIDXNIFTY31-07-2025CE26650.00,OPTIDXNIFTY31-07-2025PE26650.00,960.0,13.0,546,0,1.5,0.0
26650,07-Aug-2025,OPTIDXNIFTY07-08-2025CE26650.00,OPTIDXNIFTY07-08-2025PE26650.00,0.0,0.0,0,0,0.0,0.0
26650,14-Aug-2025,OPTIDXNIFTY14-08-2025CE26650.00,,0.0,0.0,0,0,0.0,0.0
26650,21-Aug-2025,OPTIDXNIFTY21-08-2025CE26650.00,,0.0,0.0,0,0,0.0,0.0
26650,28-Aug-2025,OPTIDXNIFTY28-08-2025CE26650.00,OPTIDXNIFTY28-08-2025PE26650.00,2.0,13.0,0,0,0.0,0.0
26650,25-Sep-2025,OPTIDXNIFTY25-09-2025CE26650.00,OPTIDXNIFTY25-09-2025PE26650.00,7.0,1.0,0,0,0.0,0.0
26700,24-Jul-2025,OPTIDXNIFTY24-07-2025CE26700.00,OPTIDXNIFTY24-07-2025PE26700.00,28220.0,26.0,28731,0,0.45,0.0
26700,31-Jul-2025,OPTIDXNIFTY31-07-2025CE26700.00,OPTIDXNIFTY31-07-2025PE26700.00,7028.0,76.0,3680,0,1.25,0.0
26700,07-Aug-2025,OPTIDXNIFTY07-08-2025CE26700.00,OPTIDXNIFTY07-08-2025PE26700.00,2.0,0.0,2,0,5.95,0.0
26700,14-Aug-2025,OPTIDXNIFTY14-08-2025CE26700.00,,0.0,0.0,0,0,0.0,0.0
26700,21-Aug-2025,OPTIDXNIFTY21-08-2025CE26700.00,,0.0,0.0,0,0,0.0,0.0
26700,28-Aug-2025,OPTIDXNIFTY28-08-2025CE26700.00,OPTIDXNIFTY28-08-2025PE26700.00,1790.0,18.0,2679,0,15.3,0.0
26700,25-Sep-2025,OPTIDXNIFTY25-09-2025CE26700.00,OPTIDXNIFTY25-09-2025PE26700.00,987.0,39.0,720,0,69.5,0.0
26750,24-Jul-2025,OPTIDXNIFTY24-07-2025CE26750.00,OPTIDXNIFTY24-07-2025PE26750.00,1598.0,7.0,5527,0,0.45,0.0
26750,31-Jul-2025,OPTIDXNIFTY31-07-2025CE26750.00,OPTIDXNIFTY31-07-2025PE26750.00,495.0,27.0,399,11,1.35,1645.2
26750,07-Aug-2025,OPTIDXNIFTY07-08-2025CE26750.00,OPTIDXNIFTY07-08-2025PE26750.00,0.0,0.0,0,0,0.0,0.0
26750,14-Aug-2025,OPTIDXNIFTY14-08-2025CE26750.00,,0.0,0.0,0,0,0.0,0.0
26750,21-Aug-2025,OPTIDXNIFTY21-08-2025CE26750.00,,14.0,0.0,67,0,10.0,0.0
26750,28-Aug-2025,OPTIDXNIFTY28-08-2025CE26750.00,OPTIDXNIFTY28-08-2025PE26750.00,178.0,7.0,51,0,14.4,0.0
26750,25-Sep-2025,OPTIDXNIFTY25-09-2025CE26750.00,OPTIDXNIFTY25-09-2025PE26750.00,343.0,1.0,108,0,63.65,0.0
26800,24-Jul-2025,OPTIDXNIFTY24-07-2025CE26800.00,OPTIDXNIFTY24-07-2025PE26800.00,20413.0,7.0,15790,0,0.45,0.0
26800,31-Jul-2025,OPTIDXNIFTY31-07-2025CE26800.00,OPTIDXNIFTY31-07-2025PE26800.00,6743.0,106.0,3103,3,1.2,1690.0
26800,07-Aug-2025,OPTIDXNIFTY07-08-2025CE26800.00,OPTIDXNIFTY07-08-2025PE26800.00,140.0,0.0,99,0,3.95,0.0
26800,14-Aug-2025,OPTIDXNIFTY14-08-2025CE26800.00,,0.0,0.0,0,0,0.0,0.0
26800,21-Aug-2025,OPTIDXNIFTY21-08-2025CE26800.00,,3.0,0.0,0,0,0.0,0.0
26800,28-Aug-2025,OPTIDXNIFTY28-08-2025CE26800.00,OPTIDXNIFTY28-08-2025PE26800.00,2856.0,16.0,1502,0,12.75,0.0
26800,25-Sep-2025,OPTIDXNIFTY25-09-2025CE26800.00,OPTIDXNIFTY25-09-2025PE26800.00,0.0,2.0,0,0,0.0,0.0
26850,24-Jul-2025,OPTIDXNIFTY24-07-2025CE26850.00,OPTIDXNIFTY24-07-2025PE26850.00,3260.0,5.0,8803,0,0.4,0.0
26850,31-Jul-2025,OPTIDXNIFTY31-07-2025CE26850.00,OPTIDXNIFTY31-07-2025PE26850.00,159.0,14.0,344,2,1.4,1771.95
26850,07-Aug-2025,OPTIDXNIFTY07-08-2025CE26850.00,OPTIDXNIFTY07-08-2025PE26850.00,0.0,0.0,0,0,0.0,0.0
26850,14-Aug-2025,OPTIDXNIFTY14-08-2025CE26850.00,,0.0,0.0,0,0,0.0,0.0
26850,21-Aug-2025,OPTIDXNIFTY21-08-2025CE26850.00,,22.0,0.0,12,0,7.4,0.0
26850,28-Aug-2025,OPTIDXNIFTY28-08-2025CE26850.00,OPTIDXNIFTY28-08-2025PE26850.00,2.0,7.0,0,0,0.0,0.0
26850,25-Sep-2025,OPTIDXNIFTY25-09-2025CE26850.00,OPTIDXNIFTY25-09-2025PE26850.00,497.0,2.0,211,0,56.3,0.0
26900,24-Jul-2025,OPTIDXNIFTY24-07-2025CE26900.00,OPTIDXNIFTY24-07-2025PE26900.00,9587.0,4.0,27252,0,0.45,0.0
26900,31-Jul-2025,OPTIDXNIFTY31-07-2025CE26900.00,OPTIDXNIFTY31-07-2025PE26900.00,6738.0,1785.0,2906,89,1.1,1805.0
26900,07-Aug-2025,OPTIDXNIFTY07-08-2025CE26900.00,OPTIDXNIFTY07-08-2025PE26900.00,22.0,0.0,0,0,0.0,0.0
26900,14-Aug-2025,OPTIDXNIFTY14-08-2025CE26900.00,,0.0,0.0,0,0,0.0,0.0
26900,28-Aug-2025,OPTIDXNIFTY28-08-2025CE26900.00,OPTIDXNIFTY28-08-2025PE26900.00,0.0,79.0,0,86,0.0,1663.95
26900,25-Sep-2025,OPTIDXNIFTY25-09-2025CE26900.00,OPTIDXNIFTY25-09-2025PE26900.00,0.0,10.0,0,0,0.0,0.0
26950,24-Jul-2025,OPTIDXNIFTY24-07-2025CE26950.00,OPTIDXNIFTY24-07-2025PE26950.00,1325.0,4.0,3733,0,0.45,0.0
26950,31-Jul-2025,OPTIDXNIFTY31-07-2025CE26950.00,OPTIDXNIFTY31-07-2025PE26950.00,376.0,11.0,237,0,1.15,0.0
26950,07-Aug-2025,OPTIDXNIFTY07-08-2025CE26950.00,OPTIDXNIFTY07-08-2025PE26950.00,24.0,0.0,0,0,0.0,0.0
26950,14-Aug-2025,OPTIDXNIFTY14-08-2025CE26950.00,,0.0,0.0,0,0,0.0,0.0
26950,28-Aug-2025,OPTIDXNIFTY28-08-2025CE26950.00,OPTIDXNIFTY28-08-2025PE26950.00,0.0,4.0,0,0,0.0,0.0
26950,25-Sep-2025,OPTIDXNIFTY25-09-2025CE26950.00,OPTIDXNIFTY25-09-2025PE26950.00,0.0,6.0,0,0,0.0,0.0
27000,24-Jul-2025,OPTIDXNIFTY24-07-2025CE27000.00,OPTIDXNIFTY24-07-2025PE27000.00,44753.0,879.0,96043,16,0.4,1897.0
27000,31-Jul-2025,OPTIDXNIFTY31-07-2025CE27000.00,OPTIDXNIFTY31-07-2025PE27000.00,41388.0,7487.0,42236,245,0.95,1890.0
27000,07-Aug-2025,OPTIDXNIFTY07-08-2025CE27000.00,OPTIDXNIFTY07-08-2025PE27000.00,1742.0,1.0,390,0,2.8,0.0
27000,14-Aug-2025,OPTIDXNIFTY14-08-2025CE27000.00,,95.0,0.0,176,0,3.8,0.0
27000,28-Aug-2025,OPTIDXNIFTY28-08-2025CE27000.00,OPTIDXNIFTY28-08-2025PE27000.00,10779.0,1007.0,5542,169,10.95,1786.8
27000,25-Sep-2025,OPTIDXNIFTY25-09-2025CE27000.00,OPTIDXNIFTY25-09-2025PE27000.00,14754.0,4493.0,6665,93,44.7,1653.7
27000,24-Dec-2025,OPTIDXNIFTY24-12-2025CE27000.00,OPTIDXNIFTY24-12-2025PE27000.00,28152.666666666668,10473.0,3243,440,283.05,1460.95
27000,26-Mar-2026,OPTIDXNIFTY26-03-2026CE27000.00,OPTIDXNIFTY26-03-2026PE27000.00,0.0,0.0,0,0,0.0,0.0
27000,25-Jun-2026,OPTIDXNIFTY25-06-2026CE27000.00,OPTIDXNIFTY25-06-2026PE27000.00,0.0,0.0,0,0,0.0,0.0
27000,31-Dec-2026,OPTIDXNIFTY31-12-2026CE27000.00,OPTIDXNIFTY31-12-2026PE27000.00,352.0,113.0,4,2,1770.0,1470.8
27000,24-Jun-2027,,OPTIDXNIFTY24-06-2027PE27000.00,0.0,0.0,0,0,0.0,0.0
27000,30-Dec-2027,,OPTIDXNIFTY30-12-2027PE27000.00,0.0,1.0,0,0,0.0,0.0
27000,29-Jun-2028,,OPTIDXNIFTY29-06-2028PE27000.00,0.0,0.0,0,0,0.0,0.0
27000,28-Dec-2028,,OPTIDXNIFTY28-12-2028PE27000.00,0.0,0.0,0,0,0.0,0.0
27000,28-Jun-2029,,OPTIDXNIFTY28-06-2029PE27000.00,0.0,0.0,0,0,0.0,0.0
27000,27-Dec-2029,,OPTIDXNIFTY27-12-2029PE27000.00,0.0,0.0,0,0,0.0,0.0
27000,25-Jun-2030,,OPTIDXNIFTY25-06-2030PE27000.00,0.0,0.0,0,0,0.0,0.0
27050,24-Jul-2025,OPTIDXNIFTY24-07-2025CE27050.00,OPTIDXNIFTY24-07-2025PE27050.00,2618.0,5.0,7812,0,0.4,0.0
27050,31-Jul-2025,OPTIDXNIFTY31-07-2025CE27050.00,OPTIDXNIFTY31-07-2025PE27050.00,814.0,10.0,1213,0,0.95,0.0
27050,07-Aug-2025,OPTIDXNIFTY07-08-2025CE27050.00,OPTIDXNIFTY07-08-2025PE27050.00,32.0,0.0,5,0,2.9,0.0
27050,14-Aug-2025,OPTIDXNIFTY14-08-2025CE27050.00,,0.0,0.0,1,0,5.65,0.0
27050,28-Aug-2025,OPTIDXNIFTY28-08-2025CE27050.00,OPTIDXNIFTY28-08-2025PE27050.00,336.0,4.0,99,0,9.9,0.0
27050,25-Sep-2025,OPTIDXNIFTY25-09-2025CE27050.00,OPTIDXNIFTY25-09-2025PE27050.00,0.0,2.0,0,0,0.0,0.0
27100,24-Jul-2025,OPTIDXNIFTY24-07-2025CE27100.00,OPTIDXNIFTY24-07-2025PE27100.00,1237.0,4.0,6189,0,0.4,0.0
27100,31-Jul-2025,OPTIDXNIFTY31-07-2025CE27100.00,OPTIDXNIFTY31-07-2025PE27100.00,1254.0,11.0,2499,0,0.9,0.0
27100,07-Aug-2025,OPTIDXNIFTY07-08-2025CE27100.00,OPTIDXNIFTY07-08-2025PE27100.00,140.0,0.0,5,0,3.2,0.0
27100,14-Aug-2025,OPTIDXNIFTY14-08-2025CE27100.00,,462.0,0.0,181,0,4.0,0.0
27100,28-Aug-2025,OPTIDXNIFTY28-08-2025CE27100.00,OPTIDXNIFTY28-08-2025PE27100.00,0.0,3.0,0,0,0.0,0.0
27100,25-Sep-2025,OPTIDXNIFTY25-09-2025CE27100.00,OPTIDXNIFTY25-09-2025PE27100.00,0.0,2.0,0,0,0.0,0.0
27150,24-Jul-2025,OPTIDXNIFTY24-07-2025CE27150.00,OPTIDXNIFTY24-07-2025PE27150.00,2063.0,4.0,5279,0,0.4,0.0
27150,31-Jul-2025,OPTIDXNIFTY31-07-2025CE27150.00,OPTIDXNIFTY31-07-2025PE27150.00,812.0,51.0,1156,0,0.95,0.0
27150,07-Aug-2025,OPTIDXNIFTY07-08-2025CE27150.00,OPTIDXNIFTY07-08-2025PE27150.00,24.0,0.0,30,0,2.6,0.0
27150,28-Aug-2025,OPTIDXNIFTY28-08-2025CE27150.00,OPTIDXNIFTY28-08-2025PE27150.00,0.0,4.0,0,0,0.0,0.0
27150,25-Sep-2025,OPTIDXNIFTY25-09-2025CE27150.00,OPTIDXNIFTY25-09-2025PE27150.00,0.0,9.0,0,0,0.0,0.0
27200,24-Jul-2025,OPTIDXNIFTY24-07-2025CE27200.00,OPTIDXNIFTY24-07-2025PE27200.00,1956.0,4.0,6283,0,0.4,0.0
27200,31-Jul-2025,OPTIDXNIFTY31-07-2025CE27200.00,OPTIDXNIFTY31-07-2025PE27200.00,4321.0,2.0,3899,2,0.9,2110.8
27200,07-Aug-2025,OPTIDXNIFTY07-08-2025CE27200.00,OPTIDXNIFTY07-08-2025PE27200.00,451.0,0.0,110,0,2.25,0.0
27200,28-Aug-2025,OPTIDXNIFTY28-08-2025CE27200.00,OPTIDXNIFTY28-08-2025PE27200.00,0.0,4.0,0,0,0.0,0.0
27200,25-Sep-2025,OPTIDXNIFTY25-09-2025CE27200.00,OPTIDXNIFTY25-09-2025PE27200.00,0.0,2.0,0,0,0.0,0.0
27250,24-Jul-2025,OPTIDXNIFTY24-07-2025CE27250.00,OPTIDXNIFTY24-07-2025PE27250.00,2289.0,3.0,5386,0,0.4,0.0
27250,31-Jul-2025,OPTIDXNIFTY31-07-2025CE27250.00,OPTIDXNIFTY31-07-2025PE27250.00,251.0,3.0,478,2,0.9,2157.35
27250,07-Aug-2025,OPTIDXNIFTY07-08-2025CE27250.00,OPTIDXNIFTY07-08-2025PE27250.00,0.0,0.0,18,0,2.05,0.0
27250,28-Aug-2025,OPTIDXNIFTY28-08-2025CE27250.00,OPTIDXNIFTY28-08-2025PE27250.00,0.0,3.0,0,0,0.0,0.0
27250,25-Sep-2025,OPTIDXNIFTY25-09-2025CE27250.00,OPTIDXNIFTY25-09-2025PE27250.00,0.0,2.0,0,0,0.0,0.0
27300,24-Jul-2025,OPTIDXNIFTY24-07-2025CE27300.00,OPTIDXNIFTY24-07-2025PE27300.00,3711.0,3.0,10454,2,0.4,2139.0
27300,31-Jul-2025,OPTIDXNIFTY31-07-2025CE27300.00,OPTIDXNIFTY31-07-2025PE27300.00,3639.0,114.0,1911,2,0.9,2165.0
27300,28-Aug-2025,OPTIDXNIFTY28-08-2025CE27300.00,OPTIDXNIFTY28-08-2025PE27300.00,0.0,4.0,0,0,0.0,0.0
27300,25-Sep-2025,OPTIDXNIFTY25-09-2025CE27300.00,OPTIDXNIFTY25-09-2025PE27300.00,0.0,2.0,0,0,0.0,0.0
27350,24-Jul-2025,OPTIDXNIFTY24-07-2025CE27350.00,OPTIDXNIFTY24-07-2025PE27350.00,3195.0,4.0,7870,0,0.4,0.0
27350,31-Jul-2025,OPTIDXNIFTY31-07-2025CE27350.00,OPTIDXNIFTY31-07-2025PE27350.00,506.0,3.0,595,2,0.9,2272.85
27350,28-Aug-2025,OPTIDXNIFTY28-08-2025CE27350.00,OPTIDXNIFTY28-08-2025PE27350.00,0.0,3.0,0,0,0.0,0.0
27350,25-Sep-2025,OPTIDXNIFTY25-09-2025CE27350.00,OPTIDXNIFTY25-09-2025PE27350.00,0.0,2.0,0,0,0.0,0.0
27400,24-Jul-2025,OPTIDXNIFTY24-07-2025CE27400.00,OPTIDXNIFTY24-07-2025PE27400.00,49193.0,84.0,113695,0,0.4,0.0
27400,31-Jul-2025,OPTIDXNIFTY31-07-2025CE27400.00,OPTIDXNIFTY31-07-2025PE27400.00,11538.0,126.0,8555,0,0.9,0.0
27400,28-Aug-2025,OPTIDXNIFTY28-08-2025CE27400.00,OPTIDXNIFTY28-08-2025PE27400.00,2223.0,15.0,1555,0,7.5,0.0
27400,25-Sep-2025,OPTIDXNIFTY25-09-2025CE27400.00,OPTIDXNIFTY25-09-2025PE27400.00,0.0,3.0,0,0,0.0,0.0
28000,25-Sep-2025,OPTIDXNIFTY25-09-2025CE28000.00,OPTIDXNIFTY25-09-2025PE28000.00,11755.0,3590.0,1254,50,14.7,2606.1
28000,24-Dec-2025,OPTIDXNIFTY24-12-2025CE28000.00,OPTIDXNIFTY24-12-2025PE28000.00,17747.333333333332,9471.666666666666,5191,317,113.8,2254.5
28000,26-Mar-2026,OPTIDXNIFTY26-03-2026CE28000.00,,0.0,0.0,0,0,0.0,0.0
28000,25-Jun-2026,OPTIDXNIFTY25-06-2026CE28000.00,,0.0,0.0,0,0,0.0,0.0
28000,31-Dec-2026,OPTIDXNIFTY31-12-2026CE28000.00,OPTIDXNIFTY31-12-2026PE28000.00,136.0,94.0,6,2,1275.0,1920.0
28000,30-Dec-2027,,OPTIDXNIFTY30-12-2027PE28000.00,0.0,0.0,0,0,0.0,0.0
28000,29-Jun-2028,,OPTIDXNIFTY29-06-2028PE28000.00,0.0,0.0,0,0,0.0,0.0
28000,28-Dec-2028,OPTIDXNIFTY28-12-2028CE28000.00,OPTIDXNIFTY28-12-2028PE28000.00,13.0,0.0,0,0,0.0,0.0
28000,28-Jun-2029,,OPTIDXNIFTY28-06-2029PE28000.00,0.0,0.0,0,0,0.0,0.0
28000,27-Dec-2029,,OPTIDXNIFTY27-12-2029PE28000.00,0.0,0.0,0,0,0.0,0.0
28000,25-Jun-2030,,OPTIDXNIFTY25-06-2030PE28000.00,0.0,0.0,0,0,0.0,0.0
29000,25-Sep-2025,OPTIDXNIFTY25-09-2025CE29000.00,OPTIDXNIFTY25-09-2025PE29000.00,8966.0,7024.0,872,18,6.15,3577.0
29000,24-Dec-2025,OPTIDXNIFTY24-12-2025CE29000.00,OPTIDXNIFTY24-12-2025PE29000.00,10556.0,2089.0,874,27,45.75,3140.45
29000,26-Mar-2026,OPTIDXNIFTY26-03-2026CE29000.00,,0.0,0.0,0,0,0.0,0.0
29000,25-Jun-2026,OPTIDXNIFTY25-06-2026CE29000.00,,0.0,0.0,0,0,0.0,0.0
29000,31-Dec-2026,OPTIDXNIFTY31-12-2026CE29000.00,OPTIDXNIFTY31-12-2026PE29000.00,276.0,0.0,10,0,923.85,0.0
29000,24-Jun-2027,OPTIDXNIFTY24-06-2027CE29000.00,,0.0,0.0,0,0,0.0,0.0
29000,30-Dec-2027,OPTIDXNIFTY30-12-2027CE29000.00,OPTIDXNIFTY30-12-2027PE29000.00,0.0,0.0,0,0,0.0,0.0
29000,29-Jun-2028,,OPTIDXNIFTY29-06-2028PE29000.00,0.0,0.0,0,0,0.0,0.0
29000,28-Dec-2028,,OPTIDXNIFTY28-12-2028PE29000.00,0.0,0.0,0,0,0.0,0.0
29000,28-Jun-2029,,OPTIDXNIFTY28-06-2029PE29000.00,0.0,0.0,0,0,0.0,0.0
29000,27-Dec-2029,,OPTIDXNIFTY27-12-2029PE29000.00,0.0,0.0,0,0,0.0,0.0
29000,25-Jun-2030,,OPTIDXNIFTY25-06-2030PE29000.00,0.0,0.0,0,0,0.0,0.0
30000,25-Sep-2025,OPTIDXNIFTY25-09-2025CE30000.00,OPTIDXNIFTY25-09-2025PE30000.00,4331.0,343.0,366,1,3.95,4550.0
30000,24-Dec-2025,OPTIDXNIFTY24-12-2025CE30000.00,OPTIDXNIFTY24-12-2025PE30000.00,5305.666666666667,239.33333333333334,441,19,26.35,4059.9
30000,26-Mar-2026,OPTIDXNIFTY26-03-2026CE30000.00,,201.0,0.0,68,0,85.85,0.0
30000,25-Jun-2026,OPTIDXNIFTY25-06-2026CE30000.00,,0.0,0.0,0,0,0.0,0.0
30000,31-Dec-2026,OPTIDXNIFTY31-12-2026CE30000.00,OPTIDXNIFTY31-12-2026PE30000.00,0.0,0.0,0,0,0.0,0.0
30000,24-Jun-2027,OPTIDXNIFTY24-06-2027CE30000.00,,0.0,0.0,0,0,0.0,0.0
30000,30-Dec-2027,OPTIDXNIFTY30-12-2027CE30000.00,OPTIDXNIFTY30-12-2027PE30000.00,0.0,0.0,0,0,0.0,0.0
30000,29-Jun-2028,,OPTIDXNIFTY29-06-2028PE30000.00,0.0,0.0,0,0,0.0,0.0
30000,28-Dec-2028,,OPTIDXNIFTY28-12-2028PE30000.00,0.0,0.0,0,0,0.0,0.0
30000,28-Jun-2029,,OPTIDXNIFTY28-06-2029PE30000.00,0.0,0.0,0,0,0.0,0.0
30000,27-Dec-2029,,OPTIDXNIFTY27-12-2029PE30000.00,0.0,0.0,0,0,0.0,0.0
30000,25-Jun-2030,,OPTIDXNIFTY25-06-2030PE30000.00,0.0,0.0,0,0,0.0,0.0
31000,24-Dec-2025,OPTIDXNIFTY24-12-2025CE31000.00,,3153.3333333333335,0.0,226,0,17.35,0.0
31000,26-Mar-2026,OPTIDXNIFTY26-03-2026CE31000.00,,0.0,0.0,0,0,0.0,0.0
31000,25-Jun-2026,OPTIDXNIFTY25-06-2026CE31000.00,,0.0,0.0,0,0,0.0,0.0
31000,31-Dec-2026,OPTIDXNIFTY31-12-2026CE31000.00,,0.0,0.0,0,0,0.0,0.0
31000,24-Jun-2027,OPTIDXNIFTY24-06-2027CE31000.00,,0.0,0.0,0,0,0.0,0.0
31000,30-Dec-2027,OPTIDXNIFTY30-12-2027CE31000.00,,0.0,0.0,0,0,0.0,0.0
31000,29-Jun-2028,OPTIDXNIFTY29-06-2028CE31000.00,,0.0,0.0,0,0,0.0,0.0
31000,27-Dec-2029,,OPTIDXNIFTY27-12-2029PE31000.00,0.0,0.0,0,0,0.0,0.0
31000,25-Jun-2030,,OPTIDXNIFTY25-06-2030PE31000.00,0.0,0.0,0,0,0.0,0.0
